-- phpMyAdmin SQL Dump
-- version 5.1.1
-- https://www.phpmyadmin.net/
--
-- Host: 127.0.0.1
-- Generation Time: Aug 02, 2022 at 09:28 AM
-- Server version: 10.4.22-MariaDB
-- PHP Version: 7.4.27

SET SQL_MODE = "NO_AUTO_VALUE_ON_ZERO";
START TRANSACTION;
SET time_zone = "+00:00";


/*!40101 SET @OLD_CHARACTER_SET_CLIENT=@@CHARACTER_SET_CLIENT */;
/*!40101 SET @OLD_CHARACTER_SET_RESULTS=@@CHARACTER_SET_RESULTS */;
/*!40101 SET @OLD_COLLATION_CONNECTION=@@COLLATION_CONNECTION */;
/*!40101 SET NAMES utf8mb4 */;

--
-- Database: `ifickbs`
--

-- --------------------------------------------------------

--
-- Table structure for table `articles`
--

CREATE TABLE `articles` (
  `id` char(36) COLLATE utf8mb4_unicode_ci NOT NULL,
  `user_id` char(36) COLLATE utf8mb4_unicode_ci DEFAULT NULL,
  `category_id` char(36) COLLATE utf8mb4_unicode_ci NOT NULL,
  `en_title` varchar(191) COLLATE utf8mb4_unicode_ci NOT NULL,
  `bn_title` varchar(191) COLLATE utf8mb4_unicode_ci DEFAULT NULL,
  `tag` text COLLATE utf8mb4_unicode_ci DEFAULT NULL,
  `slug` varchar(191) COLLATE utf8mb4_unicode_ci NOT NULL,
  `en_short_summary` text COLLATE utf8mb4_unicode_ci DEFAULT NULL,
  `bn_short_summary` text COLLATE utf8mb4_unicode_ci DEFAULT NULL,
  `commentable_status` tinyint(4) NOT NULL COMMENT '0 => Inactive, 1 => Active',
  `status` enum('draft','hide','private','public') COLLATE utf8mb4_unicode_ci NOT NULL,
  `publish_date` timestamp NULL DEFAULT NULL,
  `created_at` timestamp NULL DEFAULT NULL,
  `updated_at` timestamp NULL DEFAULT NULL,
  `is_notifiable` int(11) NOT NULL DEFAULT 0,
  `thumbnail_img` varchar(191) COLLATE utf8mb4_unicode_ci DEFAULT NULL,
  `banner_img` varchar(191) COLLATE utf8mb4_unicode_ci DEFAULT NULL
) ENGINE=MyISAM DEFAULT CHARSET=utf8mb4 COLLATE=utf8mb4_unicode_ci;

--
-- Dumping data for table `articles`
--

INSERT INTO `articles` (`id`, `user_id`, `category_id`, `en_title`, `bn_title`, `tag`, `slug`, `en_short_summary`, `bn_short_summary`, `commentable_status`, `status`, `publish_date`, `created_at`, `updated_at`, `is_notifiable`, `thumbnail_img`, `banner_img`) VALUES
('16401526781520', '164015267815671', '16459600968474', 'dfgdfg', 'n/a', 'fdgdf', 'dfgdfg7Bis8ew5bMPsxSgY', 'fdgdf', 'n/a', 1, 'private', '2021-06-29 03:12:11', '2021-06-29 03:12:11', '2022-04-17 23:23:04', 0, NULL, NULL),
('164015267815671', '164015267815671', '16459600968474', 'fghfh', 'n/a', 'fghfg', 'fghfhTimXZ4YYrBsmOGCM', 'sdfsfsdbcbcv', 'n/a', 1, 'private', '2021-06-29 03:14:02', '2021-06-29 03:14:02', '2022-04-17 23:22:55', 0, NULL, NULL),
('16431757399370', '164015267815671', '16459600968474', 'daddasda', 'n/a', 'asdsad', 'daddasdaZffhj5YFNPX5yTDs', 'dasdasd', 'n/a', 1, 'public', '2022-01-25 23:42:47', '2022-01-25 23:42:47', '2022-04-17 23:22:35', 1, NULL, NULL),
('16558818413390', '164015267815671', '16459600968474', 'TEST by A', 'n/a', 'addtag', 'test-by-aU0nzFx6gyqDzHZ62', 'hudfhuihusdi', 'n/a', 1, 'public', '2022-06-22 01:12:04', '2022-06-22 01:12:04', '2022-06-26 01:14:19', 0, NULL, NULL),
('16559562788470', '164015267815671', '16459600968474', 'vD UKH', 'n/a', 'abc', 'vd-ukhxDVf3TWM66Bfw1v7', 'vchjg uwaj', 'n/a', 1, 'public', '2022-06-22 21:52:15', '2022-06-22 21:52:15', '2022-06-26 22:21:36', 0, NULL, NULL),
('16564775052140', '164015267815671', '16459585806487', 'what', 'n/a', 'weqq', 'whateKeYciGgManPRjw0', 'null', 'n/a', 1, 'draft', '2022-06-28 22:39:00', '2022-06-28 22:39:00', '2022-06-29 00:44:49', 0, NULL, NULL),
('16564803064720', '164015267815671', '164595765810069', 'abcdefiiiiiiiiiiiiiiiii', 'n/a', 'hey', 'abcdefiiiiiiiiiiiiiiiiiAQTGCVIZxdzFtkQt', 'hey summary aaaaaaaaaaa', 'n/a', 1, 'draft', '2022-06-28 23:25:49', '2022-06-28 23:25:49', '2022-06-29 00:35:10', 0, NULL, NULL);

-- --------------------------------------------------------

--
-- Table structure for table `banners`
--

CREATE TABLE `banners` (
  `id` char(36) COLLATE utf8mb4_unicode_ci NOT NULL,
  `user_id` char(36) COLLATE utf8mb4_unicode_ci NOT NULL,
  `title` varchar(191) COLLATE utf8mb4_unicode_ci NOT NULL,
  `role_id` varchar(191) COLLATE utf8mb4_unicode_ci NOT NULL,
  `slug` varchar(191) COLLATE utf8mb4_unicode_ci DEFAULT NULL,
  `status` tinyint(4) NOT NULL,
  `created_at` timestamp NULL DEFAULT NULL,
  `updated_at` timestamp NULL DEFAULT NULL
) ENGINE=MyISAM DEFAULT CHARSET=utf8mb4 COLLATE=utf8mb4_unicode_ci;

--
-- Dumping data for table `banners`
--

INSERT INTO `banners` (`id`, `user_id`, `title`, `role_id`, `slug`, `status`, `created_at`, `updated_at`) VALUES
('16564779496461', '164015267815671', 'Nature', '1', 'nature', 1, '2022-06-28 22:45:49', '2022-06-28 22:45:49');

-- --------------------------------------------------------

--
-- Table structure for table `categories`
--

CREATE TABLE `categories` (
  `id` char(36) COLLATE utf8mb4_unicode_ci NOT NULL,
  `user_id` char(36) COLLATE utf8mb4_unicode_ci NOT NULL,
  `parent_id` char(36) COLLATE utf8mb4_unicode_ci NOT NULL DEFAULT '0',
  `name` varchar(191) COLLATE utf8mb4_unicode_ci NOT NULL,
  `slug` varchar(191) COLLATE utf8mb4_unicode_ci DEFAULT NULL,
  `role_id` varchar(191) COLLATE utf8mb4_unicode_ci NOT NULL,
  `created_at` timestamp NULL DEFAULT NULL,
  `updated_at` timestamp NULL DEFAULT NULL
) ENGINE=MyISAM DEFAULT CHARSET=utf8mb4 COLLATE=utf8mb4_unicode_ci;

--
-- Dumping data for table `categories`
--

INSERT INTO `categories` (`id`, `user_id`, `parent_id`, `name`, `slug`, `role_id`, `created_at`, `updated_at`) VALUES
('16459600968474', '164015267815671', '0', 'Knowledge Base Project', 'knowledge-base-project', '1', '2022-02-27 03:45:27', '2022-06-28 22:47:28'),
('16459585806487', '164015267815671', '0', 'Project Management System', 'project-management-system', '0,5,4,3,2,1', '2022-02-27 03:45:27', '2022-04-17 23:07:44'),
('164595765810069', '164015267815671', '0', 'Ticket Management System', 'ticket-management-system', '0,5,4,3,2,1', '2022-02-27 03:45:27', '2022-04-17 23:07:49');

-- --------------------------------------------------------

--
-- Table structure for table `category_groups`
--

CREATE TABLE `category_groups` (
  `category_id` bigint(20) UNSIGNED NOT NULL,
  `group_id` bigint(20) UNSIGNED NOT NULL
) ENGINE=MyISAM DEFAULT CHARSET=utf8mb4 COLLATE=utf8mb4_unicode_ci;

-- --------------------------------------------------------

--
-- Table structure for table `comments`
--

CREATE TABLE `comments` (
  `id` bigint(20) UNSIGNED NOT NULL,
  `post_id` char(36) COLLATE utf8mb4_unicode_ci NOT NULL,
  `user_id` char(36) COLLATE utf8mb4_unicode_ci NOT NULL,
  `comment_body` text COLLATE utf8mb4_unicode_ci NOT NULL,
  `status` tinyint(4) NOT NULL COMMENT '0 => Inactive, 1 => Active',
  `created_at` timestamp NULL DEFAULT NULL,
  `updated_at` timestamp NULL DEFAULT NULL
) ENGINE=MyISAM DEFAULT CHARSET=utf8mb4 COLLATE=utf8mb4_unicode_ci;

-- --------------------------------------------------------

--
-- Table structure for table `contents`
--

CREATE TABLE `contents` (
  `id` bigint(20) UNSIGNED NOT NULL,
  `article_id` char(36) COLLATE utf8mb4_unicode_ci NOT NULL,
  `en_body` blob DEFAULT NULL,
  `role_id` varchar(191) COLLATE utf8mb4_unicode_ci NOT NULL,
  `created_at` timestamp NULL DEFAULT NULL,
  `updated_at` timestamp NULL DEFAULT NULL,
  `bn_body` blob DEFAULT NULL
) ENGINE=MyISAM DEFAULT CHARSET=utf8mb4 COLLATE=utf8mb4_unicode_ci;

--
-- Dumping data for table `contents`
--

INSERT INTO `contents` (`id`, `article_id`, `en_body`, `role_id`, `created_at`, `updated_at`, `bn_body`) VALUES
(16249431465390, '16249431245220', 0x3c703e64736673643c2f703e, '0,5,4,3,2,1', '2021-06-28 23:05:46', '2021-06-28 23:05:46', 0x6e2f61),
(16249527523730, '16249527437260', 0x3c703e64666764666764663c2f703e, '1', '2021-06-29 01:45:52', '2021-06-29 01:45:52', 0x6e2f61),
(16249528422040, '16249528340460', 0x3c703e7364666473663c2f703e, '1', '2021-06-29 01:47:22', '2021-06-29 01:47:22', 0x6e2f61),
(16249539975960, '16249539890050', 0x3c703e7863767863763c2f703e, '1', '2021-06-29 02:06:37', '2021-06-29 02:06:37', 0x6e2f61),
(16249589516660, '16249589421750', 0x3c703e7863767863767863763c2f703e, '1', '2021-06-29 03:29:11', '2021-06-29 03:29:11', 0x6e2f61),
(16249585533540, '16249580328830', 0x3c703e646673646673643c2f703e, '0,5,4,3,2,1', '2021-06-29 03:22:33', '2021-06-29 03:22:33', 0x6e2f61),
(16249590236810, '16249590133720', 0x3c703e6673646673643c2f703e, '1', '2021-06-29 03:30:23', '2021-06-29 03:30:23', 0x6e2f61),
(16249591267370, '16249591064130', 0x3c703e73646673646673643c2f703e, '0,5,4,3,2,1', '2021-06-29 03:32:07', '2021-06-29 03:32:07', 0x6e2f61),
(16249591683780, '16249591064130', 0x3c703e6473667364663c2f703e, '1,3', '2021-06-29 03:32:48', '2021-06-29 03:32:48', 0x6e2f61),
(16249593738490, '16249591064130', 0x3c703e73646673646673643c2f703e, '0,5,4,3,2,1', '2021-06-29 03:36:14', '2021-06-29 03:36:14', 0x6e2f61),
(16249659985730, '16249659874590', 0x3c703e646667646667643c2f703e, '0,5,4,3,2,1', '2021-06-29 05:26:38', '2021-06-29 05:26:38', 0x6e2f61),
(16431757567400, '16431757399370', 0x3c703e646164616461643c2f703e, '1,2', '2022-01-25 23:42:36', '2022-01-25 23:42:36', 0x6e2f61),
(16502594963470, '16502594837650', 0x6467646764206764666764, '0,5,4,3,2,1', '2022-04-17 23:24:56', '2022-04-17 23:43:40', 0x6e2f61);

-- --------------------------------------------------------

--
-- Table structure for table `crud_histories`
--

CREATE TABLE `crud_histories` (
  `id` bigint(20) UNSIGNED NOT NULL,
  `user_id` char(36) COLLATE utf8mb4_unicode_ci NOT NULL,
  `post_id` char(36) COLLATE utf8mb4_unicode_ci NOT NULL,
  `operation_type` varchar(191) COLLATE utf8mb4_unicode_ci NOT NULL,
  `linkable_type` varchar(191) COLLATE utf8mb4_unicode_ci NOT NULL,
  `linkable_id` bigint(20) UNSIGNED NOT NULL,
  `created_at` timestamp NULL DEFAULT NULL,
  `updated_at` timestamp NULL DEFAULT NULL
) ENGINE=MyISAM DEFAULT CHARSET=utf8mb4 COLLATE=utf8mb4_unicode_ci;

--
-- Dumping data for table `crud_histories`
--

INSERT INTO `crud_histories` (`id`, `user_id`, `post_id`, `operation_type`, `linkable_type`, `linkable_id`, `created_at`, `updated_at`) VALUES
(1, '16249427894837', '16249428762110', 'store', 'App\\Models\\Category', 16249428762110, '2021-06-28 23:01:16', '2021-06-28 23:01:16'),
(2, '16249427894837', '16249431245220', 'store', 'App\\Models\\Article', 16249431245220, '2021-06-28 23:05:53', '2021-06-28 23:05:53'),
(3, '16249427894837', '16249438277642', 'store', 'App\\Models\\Category', 16249438277642, '2021-06-28 23:17:07', '2021-06-28 23:17:07'),
(4, '16249427894837', '16249469443045', 'store', 'App\\Models\\Category', 16249469443045, '2021-06-29 00:09:04', '2021-06-29 00:09:04'),
(5, '16249427894837', '16249469443045', 'update', 'App\\Models\\Category', 16249469443045, '2021-06-29 00:44:39', '2021-06-29 00:44:39'),
(6, '16249427894837', '16249490918972', 'store', 'App\\Models\\Category', 16249490918972, '2021-06-29 00:44:51', '2021-06-29 00:44:51'),
(7, '16249427894837', '16249490918972', 'update', 'App\\Models\\Category', 16249490918972, '2021-06-29 00:45:01', '2021-06-29 00:45:01'),
(8, '16249427894837', '16249490918972', 'update', 'App\\Models\\Category', 16249490918972, '2021-06-29 00:45:14', '2021-06-29 00:45:14'),
(9, '16249427894837', '16249469443045', 'update', 'App\\Models\\Category', 16249469443045, '2021-06-29 00:45:21', '2021-06-29 00:45:21'),
(10, '16249427894837', '16249469443045', 'update', 'App\\Models\\Category', 16249469443045, '2021-06-29 00:45:31', '2021-06-29 00:45:31'),
(11, '16249427894837', '16249469443045', 'update', 'App\\Models\\Category', 16249469443045, '2021-06-29 00:45:41', '2021-06-29 00:45:41'),
(12, '16249427894837', '16249491710680', 'store', 'App\\Models\\Article', 16249491710680, '2021-06-29 00:46:20', '2021-06-29 00:46:20'),
(13, '16249427894837', '16249491854810', 'store', 'App\\Models\\Article', 16249491854810, '2021-06-29 00:46:39', '2021-06-29 00:46:39'),
(14, '16249427894837', '16249509525140', 'store', 'App\\Models\\Faq', 16249509525140, '2021-06-29 01:16:15', '2021-06-29 01:16:15'),
(15, '16249427894837', '16249519094320', 'store', 'App\\Models\\Article', 16249519094320, '2021-06-29 01:32:25', '2021-06-29 01:32:25'),
(16, '16249427894837', '16249521040990', 'store', 'App\\Models\\Article', 16249521040990, '2021-06-29 01:35:26', '2021-06-29 01:35:26'),
(17, '16249427894837', '16249522311280', 'store', 'App\\Models\\Article', 16249522311280, '2021-06-29 01:37:25', '2021-06-29 01:37:25'),
(18, '16249427894837', '16249523029470', 'store', 'App\\Models\\Article', 16249523029470, '2021-06-29 01:38:38', '2021-06-29 01:38:38'),
(19, '16249427894837', '16249523749940', 'store', 'App\\Models\\Article', 16249523749940, '2021-06-29 01:39:47', '2021-06-29 01:39:47'),
(20, '16249427894837', '16249524298080', 'store', 'App\\Models\\Article', 16249524298080, '2021-06-29 01:40:38', '2021-06-29 01:40:38'),
(21, '16249427894837', '16249524614351', 'store', 'App\\Models\\Category', 16249524614351, '2021-06-29 01:41:01', '2021-06-29 01:41:01'),
(22, '16249427894837', '16249525491471', 'store', 'App\\Models\\Category', 16249525491471, '2021-06-29 01:42:29', '2021-06-29 01:42:29'),
(23, '16249427894837', '16249524298080', 'update', 'App\\Models\\Article', 16249524298080, '2021-06-29 01:44:58', '2021-06-29 01:44:58'),
(24, '16249427894837', '16249525491471', 'update', 'App\\Models\\Category', 16249525491471, '2021-06-29 01:45:36', '2021-06-29 01:45:36'),
(25, '16249427894837', '16249527437260', 'store', 'App\\Models\\Faq', 16249527437260, '2021-06-29 01:45:56', '2021-06-29 01:45:56'),
(26, '16249427894837', '16249528340460', 'store', 'App\\Models\\Faq', 16249528340460, '2021-06-29 01:47:27', '2021-06-29 01:47:27'),
(27, '16249427894837', '16249528340460', 'update', 'App\\Models\\Faq', 16249528340460, '2021-06-29 01:47:39', '2021-06-29 01:47:39'),
(28, '16249427894837', '16249528340460', 'update', 'App\\Models\\Faq', 16249528340460, '2021-06-29 01:48:06', '2021-06-29 01:48:06'),
(29, '16249427894837', '16249528340460', 'update', 'App\\Models\\Faq', 16249528340460, '2021-06-29 01:48:55', '2021-06-29 01:48:55'),
(30, '16249427894837', '16249528340460', 'update', 'App\\Models\\Faq', 16249528340460, '2021-06-29 01:52:17', '2021-06-29 01:52:17'),
(31, '16249427894837', '16249528340460', 'update', 'App\\Models\\Faq', 16249528340460, '2021-06-29 01:53:22', '2021-06-29 01:53:22'),
(32, '16249427894837', '16249528340460', 'update', 'App\\Models\\Faq', 16249528340460, '2021-06-29 01:53:36', '2021-06-29 01:53:36'),
(33, '16249427894837', '16249524298080', 'delete', 'App\\Models\\Article', 16249524298080, '2021-06-29 02:00:30', '2021-06-29 02:00:30'),
(34, '16249427894837', '16249523749940', 'delete', 'App\\Models\\Article', 16249523749940, '2021-06-29 02:01:42', '2021-06-29 02:01:42'),
(35, '16249427894837', '16249523029470', 'delete', 'App\\Models\\Article', 16249523029470, '2021-06-29 02:01:47', '2021-06-29 02:01:47'),
(36, '16249427894837', '16249528340460', 'delete', 'App\\Models\\Faq', 16249528340460, '2021-06-29 02:06:17', '2021-06-29 02:06:17'),
(37, '16249427894837', '16249527437260', 'delete', 'App\\Models\\Faq', 16249527437260, '2021-06-29 02:06:23', '2021-06-29 02:06:23'),
(38, '16249427894837', '16249539890050', 'store', 'App\\Models\\Faq', 16249539890050, '2021-06-29 02:06:42', '2021-06-29 02:06:42'),
(39, '16249427894837', '16249539890050', 'update', 'App\\Models\\Faq', 16249539890050, '2021-06-29 02:06:51', '2021-06-29 02:06:51'),
(40, '16249427894837', '16249539890050', 'delete', 'App\\Models\\Faq', 16249539890050, '2021-06-29 02:06:55', '2021-06-29 02:06:55'),
(41, '16249427894837', '16249542638162', 'store', 'App\\Models\\Category', 16249542638162, '2021-06-29 02:11:03', '2021-06-29 02:11:03'),
(42, '16249427894837', '16249542638162', 'update', 'App\\Models\\Category', 16249542638162, '2021-06-29 02:11:16', '2021-06-29 02:11:16'),
(43, '16249427894837', '16249542638162', 'delete', 'App\\Models\\Category', 16249542638162, '2021-06-29 02:12:00', '2021-06-29 02:12:00'),
(44, '16249427894837', '16249525491471', 'delete', 'App\\Models\\Category', 16249525491471, '2021-06-29 02:12:11', '2021-06-29 02:12:11'),
(45, '16249427894837', '16249524614351', 'delete', 'App\\Models\\Category', 16249524614351, '2021-06-29 02:12:17', '2021-06-29 02:12:17'),
(46, '16249427894837', '16249577220030', 'store', 'App\\Models\\Article', 16249577220030, '2021-06-29 03:08:59', '2021-06-29 03:08:59'),
(47, '16249427894837', '16249577220030', 'delete', 'App\\Models\\Article', 16249577220030, '2021-06-29 03:10:28', '2021-06-29 03:10:28'),
(48, '16249427894837', '16249578299000', 'store', 'App\\Models\\Article', 16249578299000, '2021-06-29 03:10:39', '2021-06-29 03:10:39'),
(49, '16249427894837', '16249579203570', 'store', 'App\\Models\\Article', 16249579203570, '2021-06-29 03:12:11', '2021-06-29 03:12:11'),
(50, '16249427894837', '16249580328830', 'store', 'App\\Models\\Article', 16249580328830, '2021-06-29 03:14:02', '2021-06-29 03:14:02'),
(51, '16249427894837', '16249583350610', 'store', 'App\\Models\\Article', 16249583350610, '2021-06-29 03:19:14', '2021-06-29 03:19:14'),
(52, '16249427894837', '16249583350610', 'delete', 'App\\Models\\Article', 16249583350610, '2021-06-29 03:19:22', '2021-06-29 03:19:22'),
(53, '16249427894837', '16249583631880', 'store', 'App\\Models\\Article', 16249583631880, '2021-06-29 03:19:42', '2021-06-29 03:19:42'),
(54, '16249427894837', '16249580328830', 'update', 'App\\Models\\Article', 16249580328830, '2021-06-29 03:22:39', '2021-06-29 03:22:39'),
(55, '16249427894837', '16249583631880', 'update', 'App\\Models\\Article', 16249583631880, '2021-06-29 03:24:02', '2021-06-29 03:24:02'),
(56, '16249427894837', '16249583631880', 'delete', 'App\\Models\\Article', 16249583631880, '2021-06-29 03:24:53', '2021-06-29 03:24:53'),
(57, '16249427894837', '16249589421750', 'store', 'App\\Models\\Faq', 16249589421750, '2021-06-29 03:29:21', '2021-06-29 03:29:21'),
(58, '16249427894837', '16249590133720', 'store', 'App\\Models\\Faq', 16249590133720, '2021-06-29 03:30:28', '2021-06-29 03:30:28'),
(59, '16249427894837', '16249590133720', 'delete', 'App\\Models\\Faq', 16249590133720, '2021-06-29 03:30:33', '2021-06-29 03:30:33'),
(60, '16249427894837', '16249589421750', 'delete', 'App\\Models\\Faq', 16249589421750, '2021-06-29 03:30:39', '2021-06-29 03:30:39'),
(61, '16249427894837', '16249591064130', 'store', 'App\\Models\\Faq', 16249591064130, '2021-06-29 03:32:25', '2021-06-29 03:32:25'),
(62, '16249427894837', '16249591064130', 'update', 'App\\Models\\Faq', 16249591064130, '2021-06-29 03:36:17', '2021-06-29 03:36:17'),
(63, '16249427894837', '16249490918972', 'update', 'App\\Models\\Category', 16249490918972, '2021-06-29 04:10:22', '2021-06-29 04:10:22'),
(64, '16249427894837', '16249428762110', 'update', 'App\\Models\\Category', 16249428762110, '2021-06-29 04:10:47', '2021-06-29 04:10:47'),
(65, '16249492412111', '16249428762110', 'update', 'App\\Models\\Category', 16249428762110, '2021-06-29 04:45:12', '2021-06-29 04:45:12'),
(66, '16249492412111', '16249490918972', 'update', 'App\\Models\\Category', 16249490918972, '2021-06-29 04:45:20', '2021-06-29 04:45:20'),
(67, '16249492412111', '16249637071070', 'store', 'App\\Models\\Category', 16249637071070, '2021-06-29 04:48:27', '2021-06-29 04:48:27'),
(68, '16249492412111', '16249469443045', 'update', 'App\\Models\\Category', 16249469443045, '2021-06-29 04:57:16', '2021-06-29 04:57:16'),
(69, '16249492412111', '16249659874590', 'store', 'App\\Models\\Faq', 16249659874590, '2021-06-29 05:26:43', '2021-06-29 05:26:43'),
(70, '16249427894837', '16249580328830', 'update', 'App\\Models\\Article', 16249580328830, '2021-06-29 06:29:09', '2021-06-29 06:29:09'),
(71, '16249427894837', '16249519094320', 'update', 'App\\Models\\Article', 16249519094320, '2021-06-29 06:31:33', '2021-06-29 06:31:33'),
(72, '16249427894837', '16249579203570', 'status changed', 'App\\Models\\Article', 16249579203570, '2021-06-29 22:27:20', '2021-06-29 22:27:20'),
(73, '16249427894837', '16249578299000', 'status changed', 'App\\Models\\Article', 16249578299000, '2021-06-30 00:36:08', '2021-06-30 00:36:08'),
(74, '16249427894837', '16249491710680', 'status changed', 'App\\Models\\Article', 16249491710680, '2021-06-30 00:36:19', '2021-06-30 00:36:19'),
(75, '16249427894837', '16250413078300', 'store', 'App\\Models\\Article', 16250413078300, '2021-06-30 02:22:04', '2021-06-30 02:22:04'),
(76, '16249427894837', '16250413078300', 'delete', 'App\\Models\\Article', 16250413078300, '2021-06-30 02:34:39', '2021-06-30 02:34:39'),
(77, '16249427894837', '16249637071070', 'update', 'App\\Models\\Category', 16249637071070, '2021-06-30 23:43:26', '2021-06-30 23:43:26'),
(78, '16249427894837', '16249580328830', 'update', 'App\\Models\\Article', 16249580328830, '2022-01-25 23:23:39', '2022-01-25 23:23:39'),
(79, '16249427894837', '16249580328830', 'update', 'App\\Models\\Article', 16249580328830, '2022-01-25 23:39:04', '2022-01-25 23:39:04'),
(80, '16249427894837', '16249580328830', 'update', 'App\\Models\\Article', 16249580328830, '2022-01-25 23:39:15', '2022-01-25 23:39:15'),
(81, '16249427894837', '16249522311280', 'update', 'App\\Models\\Article', 16249522311280, '2022-01-25 23:40:29', '2022-01-25 23:40:29'),
(82, '16249427894837', '16249521040990', 'update', 'App\\Models\\Article', 16249521040990, '2022-01-25 23:40:54', '2022-01-25 23:40:54'),
(83, '16249427894837', '16249580328830', 'update', 'App\\Models\\Article', 16249580328830, '2022-01-25 23:41:05', '2022-01-25 23:41:05'),
(84, '16249427894837', '16249580328830', 'update', 'App\\Models\\Article', 16249580328830, '2022-01-25 23:41:17', '2022-01-25 23:41:17'),
(85, '16249427894837', '16249580328830', 'update', 'App\\Models\\Article', 16249580328830, '2022-01-25 23:42:12', '2022-01-25 23:42:12'),
(86, '16249427894837', '16431757399370', 'store', 'App\\Models\\Article', 16431757399370, '2022-01-25 23:42:47', '2022-01-25 23:42:47'),
(87, '16249427894837', '16431757399370', 'update', 'App\\Models\\Article', 16431757399370, '2022-01-25 23:45:33', '2022-01-25 23:45:33'),
(88, '16249427894837', '16431757399370', 'update', 'App\\Models\\Article', 16431757399370, '2022-01-25 23:45:40', '2022-01-25 23:45:40'),
(89, '164015267815671', '16459600968474', 'update', 'App\\Models\\Category', 16459600968474, '2022-04-17 23:07:39', '2022-04-17 23:07:39'),
(90, '164015267815671', '16459585806487', 'update', 'App\\Models\\Category', 16459585806487, '2022-04-17 23:07:45', '2022-04-17 23:07:45'),
(91, '164015267815671', '164595765810069', 'update', 'App\\Models\\Category', 164595765810069, '2022-04-17 23:07:49', '2022-04-17 23:07:49'),
(92, '164015267815671', '16431757399370', 'update', 'App\\Models\\Article', 16431757399370, '2022-04-17 23:22:35', '2022-04-17 23:22:35'),
(93, '164015267815671', '16249580328830', 'update', 'App\\Models\\Article', 16249580328830, '2022-04-17 23:22:55', '2022-04-17 23:22:55'),
(94, '164015267815671', '16249579203570', 'update', 'App\\Models\\Article', 16249579203570, '2022-04-17 23:23:04', '2022-04-17 23:23:04'),
(95, '164015267815671', '16502594837650', 'store', 'App\\Models\\Faq', 16502594837650, '2022-04-17 23:25:03', '2022-04-17 23:25:03'),
(96, '164015267815671', '16249509525140', 'update', 'App\\Models\\Faq', 16249509525140, '2022-04-17 23:26:32', '2022-04-17 23:26:32'),
(97, '164015267815671', '16249509525140', 'delete', 'App\\Models\\Faq', 16249509525140, '2022-04-17 23:26:40', '2022-04-17 23:26:40'),
(98, '164015267815671', '16249591064130', 'update', 'App\\Models\\Faq', 16249591064130, '2022-04-17 23:26:58', '2022-04-17 23:26:58'),
(99, '164015267815671', '16502594837650', 'update', 'App\\Models\\Faq', 16502594837650, '2022-04-17 23:43:29', '2022-04-17 23:43:29'),
(100, '164015267815671', '16502594837650', 'update', 'App\\Models\\Faq', 16502594837650, '2022-04-17 23:43:43', '2022-04-17 23:43:43'),
(101, '164015267815671', '16249659874590', 'update', 'App\\Models\\Faq', 16249659874590, '2022-04-20 21:54:28', '2022-04-20 21:54:28'),
(102, '164015267815671', '16502594837650', 'update', 'App\\Models\\Faq', 16502594837650, '2022-04-20 21:59:11', '2022-04-20 21:59:11'),
(103, '164015267815671', '16249591064130', 'update', 'App\\Models\\Faq', 16249591064130, '2022-04-20 21:59:19', '2022-04-20 21:59:19'),
(104, '164015267815671', '16459600968474', 'update', 'App\\Models\\Category', 16459600968474, '2022-04-24 02:40:11', '2022-04-24 02:40:11'),
(105, '164015267815671', '16459600968474', 'update', 'App\\Models\\Category', 16459600968474, '2022-04-24 02:40:29', '2022-04-24 02:40:29'),
(106, '164015267815671', '165086990311183', 'store', 'App\\Models\\Menu', 165086990311183, '2022-04-24 23:26:31', '2022-04-24 23:26:31'),
(107, '164015267815671', '165087564217410', 'store', 'App\\Models\\Menu', 165087564217410, '2022-04-25 00:40:48', '2022-04-25 00:40:48'),
(108, '164015267815671', '165087564217410', 'update', 'App\\Models\\Menu', 165087564217410, '2022-04-25 02:31:34', '2022-04-25 02:31:34'),
(109, '164015267815671', '165087564217410', 'update', 'App\\Models\\Menu', 165087564217410, '2022-04-25 02:33:00', '2022-04-25 02:33:00'),
(110, '164015267815671', '165087564217410', 'update', 'App\\Models\\Menu', 165087564217410, '2022-04-25 02:33:05', '2022-04-25 02:33:05'),
(111, '164015267815671', '165087564217410', 'update', 'App\\Models\\Menu', 165087564217410, '2022-04-25 02:33:16', '2022-04-25 02:33:16'),
(112, '164015267815671', '165087564217410', 'update', 'App\\Models\\Menu', 165087564217410, '2022-04-25 02:34:11', '2022-04-25 02:34:11'),
(113, '164015267815671', '165087564217410', 'update', 'App\\Models\\Menu', 165087564217410, '2022-04-25 02:34:28', '2022-04-25 02:34:28'),
(114, '164015267815671', '165087564217410', 'update', 'App\\Models\\Menu', 165087564217410, '2022-04-25 02:34:34', '2022-04-25 02:34:34'),
(115, '164015267815671', '165087564217410', 'update', 'App\\Models\\Menu', 165087564217410, '2022-04-25 02:34:49', '2022-04-25 02:34:49'),
(116, '164015267815671', '165087564217410', 'update', 'App\\Models\\Menu', 165087564217410, '2022-04-25 02:35:05', '2022-04-25 02:35:05'),
(117, '164015267815671', '165087564217410', 'update', 'App\\Models\\Menu', 165087564217410, '2022-04-25 02:35:16', '2022-04-25 02:35:16'),
(118, '164015267815671', '165087165615432', 'update', 'App\\Models\\Menu', 165087165615432, '2022-04-25 02:43:28', '2022-04-25 02:43:28'),
(119, '164015267815671', '165087564217410', 'delete', 'App\\Models\\Menu', 165087564217410, '2022-04-25 02:50:47', '2022-04-25 02:50:47'),
(120, '164015267815671', '165440858916078', 'store', 'App\\Models\\Menu', 165440858916078, '2022-06-04 22:11:56', '2022-06-04 22:11:56'),
(121, '164015267815671', '165087165615432', 'delete', 'App\\Models\\Menu', 165087165615432, '2022-06-04 22:12:09', '2022-06-04 22:12:09'),
(122, '164015267815671', '16544076639062', 'store', 'App\\Models\\Menu', 16544076639062, '2022-06-04 22:13:34', '2022-06-04 22:13:34'),
(123, '164015267815671', '16544076639062', 'delete', 'App\\Models\\Menu', 16544076639062, '2022-06-04 22:13:43', '2022-06-04 22:13:43'),
(124, '164015267815671', '16544146517127', 'store', 'App\\Models\\Menu', 16544146517127, '2022-06-05 00:03:10', '2022-06-05 00:03:10'),
(125, '164015267815671', '165443179314506', 'store', 'App\\Models\\Menu', 165443179314506, '2022-06-05 05:04:40', '2022-06-05 05:04:40'),
(126, '164015267815671', '165443150710004', 'store', 'App\\Models\\Menu', 165443150710004, '2022-06-05 05:06:29', '2022-06-05 05:06:29'),
(127, '164015267815671', '165443595312207', 'store', 'App\\Models\\Menu', 165443595312207, '2022-06-05 05:07:17', '2022-06-05 05:07:17'),
(128, '164015267815671', '165443150710004', 'delete', 'App\\Models\\Menu', 165443150710004, '2022-06-05 05:08:40', '2022-06-05 05:08:40'),
(129, '164015267815671', '165443595312207', 'delete', 'App\\Models\\Menu', 165443595312207, '2022-06-05 05:08:48', '2022-06-05 05:08:48'),
(130, '164015267815671', '165443179314506', 'update', 'App\\Models\\Menu', 165443179314506, '2022-06-05 05:08:58', '2022-06-05 05:08:58'),
(131, '164015267815671', '165443277513930', 'store', 'App\\Models\\Menu', 165443277513930, '2022-06-05 05:09:30', '2022-06-05 05:09:30'),
(132, '164015267815671', '165443603012658', 'store', 'App\\Models\\Menu', 165443603012658, '2022-06-05 05:16:14', '2022-06-05 05:16:14'),
(133, '164015267815671', '165443277513930', 'delete', 'App\\Models\\Menu', 165443277513930, '2022-06-05 05:16:41', '2022-06-05 05:16:41'),
(134, '164015267815671', '165443179314506', 'update', 'App\\Models\\Menu', 165443179314506, '2022-06-05 05:16:49', '2022-06-05 05:16:49'),
(135, '164015267815671', '165443179314506', 'update', 'App\\Models\\Menu', 165443179314506, '2022-06-05 05:17:56', '2022-06-05 05:17:56'),
(136, '164015267815671', '165443603012658', 'update', 'App\\Models\\Menu', 165443603012658, '2022-06-05 05:36:24', '2022-06-05 05:36:24'),
(137, '164015267815671', '165443603012658', 'update', 'App\\Models\\Menu', 165443603012658, '2022-06-05 05:36:24', '2022-06-05 05:36:24'),
(138, '164015267815671', '165443603012658', 'update', 'App\\Models\\Menu', 165443603012658, '2022-06-05 05:36:42', '2022-06-05 05:36:42'),
(139, '164015267815671', '165443603012658', 'update', 'App\\Models\\Menu', 165443603012658, '2022-06-05 05:36:42', '2022-06-05 05:36:42'),
(140, '164015267815671', '165443603012658', 'update', 'App\\Models\\Menu', 165443603012658, '2022-06-05 05:36:52', '2022-06-05 05:36:52'),
(141, '164015267815671', '165443179314506', 'delete', 'App\\Models\\Menu', 165443179314506, '2022-06-05 05:37:05', '2022-06-05 05:37:05'),
(142, '164015267815671', '165457922613271', 'store', 'App\\Models\\Menu', 165457922613271, '2022-06-06 21:56:16', '2022-06-06 21:56:16'),
(143, '164015267815671', '16544146517127', 'update', 'App\\Models\\Menu', 16544146517127, '2022-06-14 23:28:35', '2022-06-14 23:28:35'),
(144, '164015267815671', '16544146517127', 'update', 'App\\Models\\Menu', 16544146517127, '2022-06-14 23:28:35', '2022-06-14 23:28:35'),
(145, '164015267815671', '16544146517127', 'delete', 'App\\Models\\Menu', 16544146517127, '2022-06-14 23:28:43', '2022-06-14 23:28:43'),
(146, '164015267815671', '165457922613271', 'update', 'App\\Models\\Menu', 165457922613271, '2022-06-19 02:51:46', '2022-06-19 02:51:46'),
(147, '164015267815671', '165457922613271', 'update', 'App\\Models\\Menu', 165457922613271, '2022-06-19 02:51:55', '2022-06-19 02:51:55'),
(148, '164015267815671', '165457922613271', 'update', 'App\\Models\\Menu', 165457922613271, '2022-06-19 02:52:48', '2022-06-19 02:52:48'),
(149, '164015267815671', '165457922613271', 'update', 'App\\Models\\Menu', 165457922613271, '2022-06-19 02:53:15', '2022-06-19 02:53:15'),
(150, '164015267815671', '165443603012658', 'update', 'App\\Models\\Menu', 165443603012658, '2022-06-19 02:53:21', '2022-06-19 02:53:21'),
(151, '164015267815671', '16557963704724', 'store', 'App\\Models\\Banner', 16557963704724, '2022-06-21 01:26:10', '2022-06-21 01:26:10'),
(152, '164015267815671', '16558818413390', 'store', 'App\\Models\\Article', 16558818413390, '2022-06-22 01:12:04', '2022-06-22 01:12:04'),
(153, '164015267815671', '16559562788470', 'store', 'App\\Models\\Article', 16559562788470, '2022-06-22 21:52:15', '2022-06-22 21:52:15'),
(154, '164015267815671', '16559562788470', 'update', 'App\\Models\\Article', 16559562788470, '2022-06-23 00:04:22', '2022-06-23 00:04:22'),
(155, '164015267815671', '16559562788470', 'update', 'App\\Models\\Article', 16559562788470, '2022-06-23 00:04:43', '2022-06-23 00:04:43'),
(156, '164015267815671', '16559562788470', 'update', 'App\\Models\\Article', 16559562788470, '2022-06-23 00:04:57', '2022-06-23 00:04:57'),
(157, '164015267815671', '16559562788470', 'update', 'App\\Models\\Article', 16559562788470, '2022-06-23 00:05:54', '2022-06-23 00:05:54'),
(158, '164015267815671', '16559562788470', 'update', 'App\\Models\\Article', 16559562788470, '2022-06-23 00:06:02', '2022-06-23 00:06:02'),
(159, '164015267815671', '16558818413390', 'update', 'App\\Models\\Article', 16558818413390, '2022-06-26 01:03:43', '2022-06-26 01:03:43'),
(160, '164015267815671', '16558818413390', 'update', 'App\\Models\\Article', 16558818413390, '2022-06-26 01:14:19', '2022-06-26 01:14:19'),
(161, '164015267815671', '16559562788470', 'update', 'App\\Models\\Article', 16559562788470, '2022-06-26 22:21:36', '2022-06-26 22:21:36'),
(162, '164015267815671', '16564768030310', 'store', 'App\\Models\\Article', 16564768030310, '2022-06-28 22:26:58', '2022-06-28 22:26:58'),
(163, '164015267815671', '16564775052140', 'store', 'App\\Models\\Article', 16564775052140, '2022-06-28 22:39:00', '2022-06-28 22:39:00'),
(164, '164015267815671', '16564779496461', 'store', 'App\\Models\\Banner', 16564779496461, '2022-06-28 22:45:49', '2022-06-28 22:45:49'),
(165, '164015267815671', '16564779496461', 'update', 'App\\Models\\Banner', 16564779496461, '2022-06-28 22:45:59', '2022-06-28 22:45:59'),
(166, '164015267815671', '16459600968474', 'update', 'App\\Models\\Category', 16459600968474, '2022-06-28 22:46:43', '2022-06-28 22:46:43'),
(167, '164015267815671', '16459600968474', 'update', 'App\\Models\\Category', 16459600968474, '2022-06-28 22:46:53', '2022-06-28 22:46:53'),
(168, '164015267815671', '16459600968474', 'update', 'App\\Models\\Category', 16459600968474, '2022-06-28 22:47:28', '2022-06-28 22:47:28'),
(169, '164015267815671', '16564803064720', 'store', 'App\\Models\\Article', 16564803064720, '2022-06-28 23:25:49', '2022-06-28 23:25:49'),
(170, '164015267815671', '16564803064720', 'update', 'App\\Models\\Article', 16564803064720, '2022-06-28 23:39:46', '2022-06-28 23:39:46'),
(171, '164015267815671', '16564803064720', 'update', 'App\\Models\\Article', 16564803064720, '2022-06-28 23:40:29', '2022-06-28 23:40:29'),
(172, '164015267815671', '16564803064720', 'update', 'App\\Models\\Article', 16564803064720, '2022-06-28 23:42:24', '2022-06-28 23:42:24'),
(173, '164015267815671', '16564803064720', 'update', 'App\\Models\\Article', 16564803064720, '2022-06-28 23:42:51', '2022-06-28 23:42:51'),
(174, '164015267815671', '16564803064720', 'update', 'App\\Models\\Article', 16564803064720, '2022-06-28 23:46:52', '2022-06-28 23:46:52'),
(175, '164015267815671', '16564803064720', 'update', 'App\\Models\\Article', 16564803064720, '2022-06-28 23:47:06', '2022-06-28 23:47:06'),
(176, '164015267815671', '16564775052140', 'update', 'App\\Models\\Article', 16564775052140, '2022-06-28 23:47:40', '2022-06-28 23:47:40'),
(177, '164015267815671', '16564768030310', 'delete', 'App\\Models\\Article', 16564768030310, '2022-06-28 23:49:53', '2022-06-28 23:49:53'),
(178, '164015267815671', '16564803064720', 'update', 'App\\Models\\Article', 16564803064720, '2022-06-28 23:50:06', '2022-06-28 23:50:06'),
(179, '164015267815671', '16564803064720', 'update', 'App\\Models\\Article', 16564803064720, '2022-06-29 00:11:31', '2022-06-29 00:11:31'),
(180, '164015267815671', '16564803064720', 'update', 'App\\Models\\Article', 16564803064720, '2022-06-29 00:15:38', '2022-06-29 00:15:38'),
(181, '164015267815671', '16564803064720', 'update', 'App\\Models\\Article', 16564803064720, '2022-06-29 00:16:58', '2022-06-29 00:16:58'),
(182, '164015267815671', '16564803064720', 'update', 'App\\Models\\Article', 16564803064720, '2022-06-29 00:18:37', '2022-06-29 00:18:37'),
(183, '164015267815671', '16564803064720', 'update', 'App\\Models\\Article', 16564803064720, '2022-06-29 00:21:50', '2022-06-29 00:21:50'),
(184, '164015267815671', '16564803064720', 'update', 'App\\Models\\Article', 16564803064720, '2022-06-29 00:23:09', '2022-06-29 00:23:09'),
(185, '164015267815671', '16564803064720', 'update', 'App\\Models\\Article', 16564803064720, '2022-06-29 00:23:17', '2022-06-29 00:23:17'),
(186, '164015267815671', '16564803064720', 'update', 'App\\Models\\Article', 16564803064720, '2022-06-29 00:23:58', '2022-06-29 00:23:58'),
(187, '164015267815671', '16564803064720', 'update', 'App\\Models\\Article', 16564803064720, '2022-06-29 00:24:21', '2022-06-29 00:24:21'),
(188, '164015267815671', '16564803064720', 'update', 'App\\Models\\Article', 16564803064720, '2022-06-29 00:26:07', '2022-06-29 00:26:07'),
(189, '164015267815671', '16564803064720', 'update', 'App\\Models\\Article', 16564803064720, '2022-06-29 00:34:42', '2022-06-29 00:34:42'),
(190, '164015267815671', '16564803064720', 'update', 'App\\Models\\Article', 16564803064720, '2022-06-29 00:34:49', '2022-06-29 00:34:49'),
(191, '164015267815671', '16564803064720', 'update', 'App\\Models\\Article', 16564803064720, '2022-06-29 00:35:10', '2022-06-29 00:35:10'),
(192, '164015267815671', '16564775052140', 'update', 'App\\Models\\Article', 16564775052140, '2022-06-29 00:44:49', '2022-06-29 00:44:49');

-- --------------------------------------------------------

--
-- Table structure for table `dynamic_pages`
--

CREATE TABLE `dynamic_pages` (
  `id` char(36) COLLATE utf8mb4_unicode_ci NOT NULL,
  `title` varchar(191) COLLATE utf8mb4_unicode_ci NOT NULL,
  `menu_id` char(36) COLLATE utf8mb4_unicode_ci DEFAULT NULL,
  `short_summary` text COLLATE utf8mb4_unicode_ci DEFAULT NULL,
  `en_body` text COLLATE utf8mb4_unicode_ci DEFAULT NULL,
  `status` varchar(191) COLLATE utf8mb4_unicode_ci NOT NULL DEFAULT '0',
  `created_at` timestamp NULL DEFAULT NULL,
  `updated_at` timestamp NULL DEFAULT NULL,
  `banner_img` varchar(191) COLLATE utf8mb4_unicode_ci DEFAULT NULL
) ENGINE=InnoDB DEFAULT CHARSET=utf8mb4 COLLATE=utf8mb4_unicode_ci;

--
-- Dumping data for table `dynamic_pages`
--

INSERT INTO `dynamic_pages` (`id`, `title`, `menu_id`, `short_summary`, `en_body`, `status`, `created_at`, `updated_at`, `banner_img`) VALUES
('16559638433317', 'Edit File checking', '165086990311183', 'qt3v2SDddZSaSDca', '<p>&nbsp;v4y yb3</p>', '1', '2022-06-22 23:57:23', '2022-06-26 22:23:41', NULL),
('16559653227319', 'yudbv fckjm', '165440858916078', 'vvdr bnw3', '<p>&nbsp;btwqvat we</p>', '1', '2022-06-23 00:22:02', '2022-06-23 00:22:02', NULL),
('16559678258736', 'Check EDIt ok?', '165457922613271', 'dfwqv fwec bbbbbbbbbbbbb', '<p>vt54wbg</p>', '1', '2022-06-23 01:03:45', '2022-06-29 02:47:17', NULL),
('16564863626058', 'hii', '165457333746844', 'hfhfgf', '<p>ghgh</p>', '1', '2022-06-29 01:06:02', '2022-06-29 03:19:21', NULL),
('16564951222480', 'guiagsg bdfjkaSBdmf', '1654579226132719', 'SUMMMMMM', NULL, '1', '2022-06-29 03:32:02', '2022-06-29 03:33:19', NULL);

-- --------------------------------------------------------

--
-- Table structure for table `dynamic_page_files`
--

CREATE TABLE `dynamic_page_files` (
  `id` int(11) NOT NULL,
  `dynamic_page_id` char(36) COLLATE utf8mb4_unicode_ci DEFAULT NULL,
  `file_name` varchar(191) COLLATE utf8mb4_unicode_ci NOT NULL,
  `created_at` timestamp NULL DEFAULT NULL,
  `updated_at` timestamp NULL DEFAULT NULL
) ENGINE=InnoDB DEFAULT CHARSET=utf8mb4 COLLATE=utf8mb4_unicode_ci;

--
-- Dumping data for table `dynamic_page_files`
--

INSERT INTO `dynamic_page_files` (`id`, `dynamic_page_id`, `file_name`, `created_at`, `updated_at`) VALUES
(2, '16559638433317', 'http://localhost/ificKBS/public/media/page/files/1655963843_0287.jpg', '2022-06-22 23:57:23', '2022-06-22 23:57:23'),
(3, '16559638433317', 'http://localhost/ificKBS/public/media/page/files/1655963843_0285.jpg', '2022-06-22 23:57:23', '2022-06-22 23:57:23'),
(4, '16559638433317', 'http://localhost/ificKBS/public/media/page/files/1655963843_0283.jpg', '2022-06-22 23:57:23', '2022-06-22 23:57:23'),
(5, '16559653227319', 'http://localhost/ificKBS/public/media/page/files/1655965322_0350.jpg', '2022-06-23 00:22:02', '2022-06-23 00:22:02'),
(6, '16559653227319', 'http://localhost/ificKBS/public/media/page/files/1655965322_0346.jpg', '2022-06-23 00:22:02', '2022-06-23 00:22:02'),
(7, '16559678258736', 'http://localhost/ificKBS/public/media/page/files/1655967825_0034.jpg', '2022-06-23 01:03:45', '2022-06-23 01:03:45'),
(8, '16559638433317', 'http://localhost/ificKBS/public/media/page/files/1656303298_0088.jpg', '2022-06-26 22:14:58', '2022-06-26 22:14:58'),
(9, '16559638433317', 'http://localhost/ificKBS/public/media/page/files/1656303298_0081.jpg', '2022-06-26 22:14:58', '2022-06-26 22:14:58'),
(11, '16563039093987', 'http://localhost/ificKBS/public/media/page/files/1656303909_default.png', '2022-06-26 22:25:09', '2022-06-26 22:25:09'),
(12, '16563039093987', 'http://localhost/ificKBS/public/media/page/files/1656303909_CEO.jpg', '2022-06-26 22:25:09', '2022-06-26 22:25:09'),
(13, '16563039093987', 'http://localhost/ificKBS/public/media/page/files/1656303909_5050.jpg', '2022-06-26 22:25:09', '2022-06-26 22:25:09'),
(14, '16563039093987', 'http://localhost/ificKBS/public/media/page/files/1656303952_0003.jpg', '2022-06-26 22:25:52', '2022-06-26 22:25:52'),
(15, '16563039093987', 'http://localhost/ificKBS/public/media/page/files/1656303952_0001.png', '2022-06-26 22:25:52', '2022-06-26 22:25:52'),
(16, '16563039093987', 'http://localhost/ificKBS/public/media/page/files/1656303952_0001.jpg', '2022-06-26 22:25:52', '2022-06-26 22:25:52'),
(18, '16563045987577', 'http://localhost/ificKBS/public/media/page/files/1656304598_0229.jpg', '2022-06-26 22:36:38', '2022-06-26 22:36:38'),
(20, '16563045987577', 'http://localhost/ificKBS/public/media/page/files/1656304598_0227.jpg', '2022-06-26 22:36:38', '2022-06-26 22:36:38'),
(24, '16563045987577', 'http://localhost/ificKBS/public/media/page/files/1656304645_3028.jpg', '2022-06-26 22:37:25', '2022-06-26 22:37:25'),
(25, '16563045987577', 'http://localhost/ificKBS/public/media/page/files/1656304645_3027.jpg', '2022-06-26 22:37:25', '2022-06-26 22:37:25'),
(28, '16564951222480', 'http://localhost/ificKBS/public/media/page/files/1656495150_ASH1825037M (CV of Akash Chandra Debnath)-1-1.pdf', '2022-06-29 03:32:30', '2022-06-29 03:32:30'),
(29, '16564951222480', 'http://localhost/ificKBS/public/media/page/files/1656495199_Dress Code Final.pdf', '2022-06-29 03:33:19', '2022-06-29 03:33:19');

-- --------------------------------------------------------

--
-- Table structure for table `email_settings`
--

CREATE TABLE `email_settings` (
  `id` bigint(20) UNSIGNED NOT NULL,
  `username` varchar(191) COLLATE utf8mb4_unicode_ci DEFAULT NULL,
  `password` varchar(191) COLLATE utf8mb4_unicode_ci DEFAULT NULL,
  `host` varchar(191) COLLATE utf8mb4_unicode_ci DEFAULT NULL,
  `type` varchar(191) COLLATE utf8mb4_unicode_ci DEFAULT NULL,
  `port` varchar(191) COLLATE utf8mb4_unicode_ci DEFAULT NULL,
  `encryption` varchar(191) COLLATE utf8mb4_unicode_ci DEFAULT NULL,
  `primary_email` varchar(191) COLLATE utf8mb4_unicode_ci DEFAULT NULL,
  `created_at` timestamp NULL DEFAULT NULL,
  `updated_at` timestamp NULL DEFAULT NULL
) ENGINE=MyISAM DEFAULT CHARSET=utf8mb4 COLLATE=utf8mb4_unicode_ci;

--
-- Dumping data for table `email_settings`
--

INSERT INTO `email_settings` (`id`, `username`, `password`, `host`, `type`, `port`, `encryption`, `primary_email`, `created_at`, `updated_at`) VALUES
(1, 'protap@genusys.us', '01983772354', 'smtp.googlemail.com', 'smtp', '465', 'ssl', 'protap@genusys.us', '2021-06-29 01:51:54', '2022-01-25 23:41:52');

-- --------------------------------------------------------

--
-- Table structure for table `exchange_rates`
--

CREATE TABLE `exchange_rates` (
  `id` char(36) COLLATE utf8mb4_unicode_ci NOT NULL,
  `currency_name` varchar(191) COLLATE utf8mb4_unicode_ci NOT NULL,
  `currency_code` varchar(191) COLLATE utf8mb4_unicode_ci NOT NULL,
  `buying_rate` double NOT NULL,
  `selling_rate` double NOT NULL,
  `status` varchar(191) COLLATE utf8mb4_unicode_ci NOT NULL,
  `created_at` timestamp NULL DEFAULT NULL,
  `updated_at` timestamp NULL DEFAULT NULL
) ENGINE=InnoDB DEFAULT CHARSET=utf8mb4 COLLATE=utf8mb4_unicode_ci;

--
-- Dumping data for table `exchange_rates`
--

INSERT INTO `exchange_rates` (`id`, `currency_name`, `currency_code`, `buying_rate`, `selling_rate`, `status`, `created_at`, `updated_at`) VALUES
('16594263716335', 'Bangladeshi Taka', 'BDT', 12.9, 13.8, '1', '2022-08-01 23:52:09', '2022-08-01 23:52:09'),
('165942786911287', 'US Dollar', 'USD', 123, 167, '0', '2022-08-01 23:52:33', '2022-08-01 23:52:33');

-- --------------------------------------------------------

--
-- Table structure for table `failed_jobs`
--

CREATE TABLE `failed_jobs` (
  `id` bigint(20) UNSIGNED NOT NULL,
  `uuid` varchar(191) COLLATE utf8mb4_unicode_ci NOT NULL,
  `connection` text COLLATE utf8mb4_unicode_ci NOT NULL,
  `queue` text COLLATE utf8mb4_unicode_ci NOT NULL,
  `payload` longtext COLLATE utf8mb4_unicode_ci NOT NULL,
  `exception` longtext COLLATE utf8mb4_unicode_ci NOT NULL,
  `failed_at` timestamp NOT NULL DEFAULT current_timestamp()
) ENGINE=MyISAM DEFAULT CHARSET=utf8mb4 COLLATE=utf8mb4_unicode_ci;

-- --------------------------------------------------------

--
-- Table structure for table `faqs`
--

CREATE TABLE `faqs` (
  `id` char(36) COLLATE utf8mb4_unicode_ci NOT NULL,
  `article_id` char(36) COLLATE utf8mb4_unicode_ci DEFAULT NULL,
  `user_id` char(36) COLLATE utf8mb4_unicode_ci DEFAULT NULL,
  `category_id` char(36) COLLATE utf8mb4_unicode_ci DEFAULT NULL,
  `en_title` varchar(191) COLLATE utf8mb4_unicode_ci NOT NULL,
  `bn_title` varchar(191) COLLATE utf8mb4_unicode_ci DEFAULT NULL,
  `tag` text COLLATE utf8mb4_unicode_ci DEFAULT NULL,
  `slug` varchar(191) COLLATE utf8mb4_unicode_ci NOT NULL,
  `commentable_status` tinyint(4) NOT NULL COMMENT '0 => Inactive, 1 => Active',
  `status` enum('draft','hide','private','public') COLLATE utf8mb4_unicode_ci NOT NULL,
  `publish_date` timestamp NULL DEFAULT NULL,
  `created_at` timestamp NULL DEFAULT NULL,
  `updated_at` timestamp NULL DEFAULT NULL,
  `is_notifiable` int(11) NOT NULL DEFAULT 0
) ENGINE=MyISAM DEFAULT CHARSET=utf8mb4 COLLATE=utf8mb4_unicode_ci;

--
-- Dumping data for table `faqs`
--

INSERT INTO `faqs` (`id`, `article_id`, `user_id`, `category_id`, `en_title`, `bn_title`, `tag`, `slug`, `commentable_status`, `status`, `publish_date`, `created_at`, `updated_at`, `is_notifiable`) VALUES
('16249591064130', '16401526781520', '164015267815671', '16459600968474', 'i am ok', 'n/a', 'sdfsd', 'i-am-ok', 1, 'public', '2021-06-29 03:32:16', '2021-06-29 03:32:16', '2022-04-20 21:59:19', 0),
('16249659874590', '16249579203570', '164015267815671', '16459600968474', 'dfgd', 'n/a', 'dfgdf', 'dfgd', 1, 'public', '2021-06-29 05:26:43', '2021-06-29 05:26:43', '2022-04-20 21:54:28', 0),
('16502594837650', '16401526781520', '164015267815671', '16459600968474', 'sfsfs', 'n/a', NULL, 'sfsfs', 1, 'public', '2022-04-17 23:25:03', '2022-04-17 23:25:03', '2022-04-20 21:59:11', 0);

-- --------------------------------------------------------

--
-- Table structure for table `groups`
--

CREATE TABLE `groups` (
  `id` bigint(20) UNSIGNED NOT NULL,
  `name` varchar(191) COLLATE utf8mb4_unicode_ci NOT NULL,
  `slug` varchar(191) COLLATE utf8mb4_unicode_ci NOT NULL,
  `description` varchar(191) COLLATE utf8mb4_unicode_ci DEFAULT NULL,
  `created_at` timestamp NULL DEFAULT NULL,
  `updated_at` timestamp NULL DEFAULT NULL
) ENGINE=MyISAM DEFAULT CHARSET=utf8mb4 COLLATE=utf8mb4_unicode_ci;

--
-- Dumping data for table `groups`
--

INSERT INTO `groups` (`id`, `name`, `slug`, `description`, `created_at`, `updated_at`) VALUES
(1, 'Account', 'account', NULL, '2022-02-27 03:44:55', '2022-02-27 03:44:55'),
(2, 'Marketing', 'marketing', NULL, '2022-02-27 03:44:55', '2022-02-27 03:44:55'),
(3, 'Software', 'software', NULL, '2022-02-27 03:44:55', '2022-02-27 03:44:55'),
(4, 'Data Entry', 'data-entry', NULL, '2022-02-27 03:44:55', '2022-02-27 03:44:55'),
(5, 'NOC', 'noc', NULL, '2022-02-27 03:44:55', '2022-02-27 03:44:55'),
(6, 'QA', 'qa', NULL, '2022-02-27 03:44:55', '2022-02-27 03:44:55'),
(7, 'Support', 'support', NULL, '2022-02-27 03:44:55', '2022-02-27 03:44:55');

-- --------------------------------------------------------

--
-- Table structure for table `group_roles`
--

CREATE TABLE `group_roles` (
  `group_id` bigint(20) UNSIGNED NOT NULL,
  `role_id` bigint(20) UNSIGNED NOT NULL
) ENGINE=MyISAM DEFAULT CHARSET=utf8mb4 COLLATE=utf8mb4_unicode_ci;

-- --------------------------------------------------------

--
-- Table structure for table `interest_rates`
--

CREATE TABLE `interest_rates` (
  `id` char(36) COLLATE utf8mb4_unicode_ci NOT NULL,
  `title` varchar(191) COLLATE utf8mb4_unicode_ci NOT NULL,
  `rate` double NOT NULL,
  `status` varchar(191) COLLATE utf8mb4_unicode_ci NOT NULL,
  `created_at` timestamp NULL DEFAULT NULL,
  `updated_at` timestamp NULL DEFAULT NULL
) ENGINE=InnoDB DEFAULT CHARSET=utf8mb4 COLLATE=utf8mb4_unicode_ci;

--
-- Dumping data for table `interest_rates`
--

INSERT INTO `interest_rates` (`id`, `title`, `rate`, `status`, `created_at`, `updated_at`) VALUES
('16545052803992', 'DBA', 5.062, '1', '2022-06-06 01:31:40', '2022-06-14 22:58:15'),
('165457695912593', 'KBS2', 9.08, '0', '2022-06-06 21:45:11', '2022-06-14 22:44:32'),
('16545773517975', 'RATE', 8.012, '1', '2022-06-06 22:16:56', '2022-06-14 22:29:36'),
('16545800064379', 'ASIA11', 9.81, '1', '2022-06-06 21:11:13', '2022-06-14 22:45:27'),
('165458000713439', 'bcz12', 7.7, '1', '2022-06-06 21:52:30', '2022-06-14 21:25:42'),
('16552651435870', 'DBAa', 2, '1', '2022-06-14 21:07:22', '2022-08-01 23:50:25');

-- --------------------------------------------------------

--
-- Table structure for table `links`
--

CREATE TABLE `links` (
  `id` char(36) COLLATE utf8mb4_unicode_ci NOT NULL,
  `title` varchar(191) COLLATE utf8mb4_unicode_ci NOT NULL,
  `url` varchar(191) COLLATE utf8mb4_unicode_ci NOT NULL,
  `status` varchar(191) COLLATE utf8mb4_unicode_ci NOT NULL,
  `created_at` timestamp NULL DEFAULT NULL,
  `updated_at` timestamp NULL DEFAULT NULL
) ENGINE=InnoDB DEFAULT CHARSET=utf8mb4 COLLATE=utf8mb4_unicode_ci;

--
-- Dumping data for table `links`
--

INSERT INTO `links` (`id`, `title`, `url`, `status`, `created_at`, `updated_at`) VALUES
('165441643415462', 'add', 'add.com', '1', '2022-06-05 00:03:36', '2022-06-05 00:03:36'),
('165441721010435', 'test', 'test.com', '1', '2022-06-05 00:01:08', '2022-06-05 00:01:08'),
('165441731314878', 'new link', 'newlink.com', '1', '2022-06-05 00:02:06', '2022-06-05 00:02:06'),
('16544183635209', 'new testing update complete', 'edit', '0', '2022-06-05 02:07:34', '2022-06-05 04:00:53'),
('16545804029528', 'new1', 'ab/bank', '0', '2022-06-06 21:56:46', '2022-06-06 22:33:20'),
('16563936689461', 'j', '+', '0', '2022-06-27 22:51:30', '2022-08-01 23:02:50'),
('16563958316957', 'new testing', '#', '1', '2022-06-27 22:28:39', '2022-06-27 22:28:39'),
('165639839612824', 'new testing2', 'a', '1', '2022-06-27 22:34:04', '2022-06-27 22:34:04'),
('16564002818193', 'new testing2345', '#', '0', '2022-06-27 22:48:24', '2022-06-27 22:48:24');

-- --------------------------------------------------------

--
-- Table structure for table `media`
--

CREATE TABLE `media` (
  `id` bigint(20) UNSIGNED NOT NULL,
  `url` text COLLATE utf8mb4_unicode_ci DEFAULT NULL,
  `mediable_type` varchar(191) COLLATE utf8mb4_unicode_ci NOT NULL,
  `mediable_id` bigint(20) UNSIGNED NOT NULL,
  `created_at` timestamp NULL DEFAULT NULL,
  `updated_at` timestamp NULL DEFAULT NULL
) ENGINE=MyISAM DEFAULT CHARSET=utf8mb4 COLLATE=utf8mb4_unicode_ci;

--
-- Dumping data for table `media`
--

INSERT INTO `media` (`id`, `url`, `mediable_type`, `mediable_id`, `created_at`, `updated_at`) VALUES
(1, 'http://localhost/media/avatar/placeholder.png', 'App\\Models\\User', 16249427894837, '2021-06-28 22:59:49', '2021-06-28 22:59:49'),
(70, 'http://localhost/office-project/ccKnowledgeBase/kbs2.1/public/static_media/category/category.png', 'App\\Models\\Category', 16459585806487, '2022-02-27 03:45:27', '2022-02-27 03:45:27'),
(71, 'http://localhost/office-project/ccKnowledgeBase/kbs2.1/public/static_media/category/category.png', 'App\\Models\\Category', 164595765810069, '2022-02-27 03:45:27', '2022-02-27 03:45:27'),
(9, 'http://localhost/ccKnowledgeBase/kbs2.1/public/media/avatar/placeholder.png', 'App\\Models\\User', 16249492412111, '2021-06-29 00:47:21', '2021-06-29 00:47:21'),
(10, 'http://localhost/ccKnowledgeBase/kbs2.1/public/media/avatar/placeholder.png', 'App\\Models\\User', 16249492783512, '2021-06-29 00:47:59', '2021-06-29 00:47:59'),
(11, 'http://localhost/ccKnowledgeBase/kbs2.1/public/media/article/files/1624952126_API LIST.docx', 'App\\Models\\Article', 16249521040990, '2021-06-29 01:35:26', '2021-06-29 01:35:26'),
(83, 'http://localhost/ificKBS/public/media/category/images/62bbd960d4a68.jpg', 'App\\Models\\Category', 16459600968474, '2022-06-28 22:47:28', '2022-06-28 22:47:28'),
(14, 'http://localhost/ccKnowledgeBase/kbs2.1/public/media/avatar/placeholder.png', 'App\\Models\\User', 16249573095626, '2021-06-29 03:01:49', '2021-06-29 03:01:49'),
(15, 'http://localhost/ccKnowledgeBase/kbs2.1/public/media/article/files/1624957739_8b6ead88f934e4a303fc3d5f3b693c34.jpg', 'App\\Models\\Article', 16249577220030, '2021-06-29 03:08:59', '2021-06-29 03:08:59'),
(16, 'http://localhost/ccKnowledgeBase/kbs2.1/public/media/article/files/1624958382_8b6ead88f934e4a303fc3d5f3b693c34.jpg', 'App\\Models\\Article', 16249583631880, '2021-06-29 03:19:42', '2021-06-29 03:19:42'),
(17, 'http://localhost/office-project/ccKnowledgeBase/kbs2.1/public/avatar/placeholder.png', 'App\\Models\\User', 164015267815671, '2022-02-27 03:45:13', '2022-02-27 03:45:13'),
(18, 'http://localhost/office-project/ccKnowledgeBase/kbs2.1/public/avatar/placeholder.png', 'App\\Models\\User', 164596037314730, '2022-02-27 03:45:18', '2022-02-27 03:45:18'),
(19, 'http://localhost/office-project/ccKnowledgeBase/kbs2.1/public/avatar/placeholder.png', 'App\\Models\\User', 164595780311492, '2022-02-27 03:45:18', '2022-02-27 03:45:18'),
(20, 'http://localhost/office-project/ccKnowledgeBase/kbs2.1/public/avatar/placeholder.png', 'App\\Models\\User', 164595903316735, '2022-02-27 03:45:18', '2022-02-27 03:45:18'),
(21, 'http://localhost/office-project/ccKnowledgeBase/kbs2.1/public/avatar/placeholder.png', 'App\\Models\\User', 164596359010144, '2022-02-27 03:45:18', '2022-02-27 03:45:18'),
(22, 'http://localhost/office-project/ccKnowledgeBase/kbs2.1/public/avatar/placeholder.png', 'App\\Models\\User', 164596074513269, '2022-02-27 03:45:18', '2022-02-27 03:45:18'),
(23, 'http://localhost/office-project/ccKnowledgeBase/kbs2.1/public/avatar/placeholder.png', 'App\\Models\\User', 164596126510036, '2022-02-27 03:45:18', '2022-02-27 03:45:18'),
(24, 'http://localhost/office-project/ccKnowledgeBase/kbs2.1/public/avatar/placeholder.png', 'App\\Models\\User', 164595790510291, '2022-02-27 03:45:18', '2022-02-27 03:45:18'),
(25, 'http://localhost/office-project/ccKnowledgeBase/kbs2.1/public/avatar/placeholder.png', 'App\\Models\\User', 16459636079060, '2022-02-27 03:45:18', '2022-02-27 03:45:18'),
(26, 'http://localhost/office-project/ccKnowledgeBase/kbs2.1/public/avatar/placeholder.png', 'App\\Models\\User', 16459563305868, '2022-02-27 03:45:18', '2022-02-27 03:45:18'),
(27, 'http://localhost/office-project/ccKnowledgeBase/kbs2.1/public/avatar/placeholder.png', 'App\\Models\\User', 16459563286820, '2022-02-27 03:45:18', '2022-02-27 03:45:18'),
(28, 'http://localhost/office-project/ccKnowledgeBase/kbs2.1/public/avatar/placeholder.png', 'App\\Models\\User', 16459621284061, '2022-02-27 03:45:18', '2022-02-27 03:45:18'),
(29, 'http://localhost/office-project/ccKnowledgeBase/kbs2.1/public/avatar/placeholder.png', 'App\\Models\\User', 164596047815341, '2022-02-27 03:45:19', '2022-02-27 03:45:19'),
(30, 'http://localhost/office-project/ccKnowledgeBase/kbs2.1/public/avatar/placeholder.png', 'App\\Models\\User', 16459619808378, '2022-02-27 03:45:19', '2022-02-27 03:45:19'),
(31, 'http://localhost/office-project/ccKnowledgeBase/kbs2.1/public/avatar/placeholder.png', 'App\\Models\\User', 164596327711882, '2022-02-27 03:45:19', '2022-02-27 03:45:19'),
(32, 'http://localhost/office-project/ccKnowledgeBase/kbs2.1/public/avatar/placeholder.png', 'App\\Models\\User', 16459581008490, '2022-02-27 03:45:19', '2022-02-27 03:45:19'),
(33, 'http://localhost/office-project/ccKnowledgeBase/kbs2.1/public/avatar/placeholder.png', 'App\\Models\\User', 16459563186657, '2022-02-27 03:45:19', '2022-02-27 03:45:19'),
(34, 'http://localhost/office-project/ccKnowledgeBase/kbs2.1/public/avatar/placeholder.png', 'App\\Models\\User', 16459639727431, '2022-02-27 03:45:19', '2022-02-27 03:45:19'),
(35, 'http://localhost/office-project/ccKnowledgeBase/kbs2.1/public/avatar/placeholder.png', 'App\\Models\\User', 16459604685368, '2022-02-27 03:45:19', '2022-02-27 03:45:19'),
(36, 'http://localhost/office-project/ccKnowledgeBase/kbs2.1/public/avatar/placeholder.png', 'App\\Models\\User', 164595732612836, '2022-02-27 03:45:19', '2022-02-27 03:45:19'),
(37, 'http://localhost/office-project/ccKnowledgeBase/kbs2.1/public/avatar/placeholder.png', 'App\\Models\\User', 164596077811884, '2022-02-27 03:45:19', '2022-02-27 03:45:19'),
(38, 'http://localhost/office-project/ccKnowledgeBase/kbs2.1/public/avatar/placeholder.png', 'App\\Models\\User', 164595700112462, '2022-02-27 03:45:19', '2022-02-27 03:45:19'),
(39, 'http://localhost/office-project/ccKnowledgeBase/kbs2.1/public/avatar/placeholder.png', 'App\\Models\\User', 164596182514078, '2022-02-27 03:45:19', '2022-02-27 03:45:19'),
(40, 'http://localhost/office-project/ccKnowledgeBase/kbs2.1/public/avatar/placeholder.png', 'App\\Models\\User', 16459631189835, '2022-02-27 03:45:19', '2022-02-27 03:45:19'),
(41, 'http://localhost/office-project/ccKnowledgeBase/kbs2.1/public/avatar/placeholder.png', 'App\\Models\\User', 164595953512152, '2022-02-27 03:45:19', '2022-02-27 03:45:19'),
(42, 'http://localhost/office-project/ccKnowledgeBase/kbs2.1/public/avatar/placeholder.png', 'App\\Models\\User', 16459600686313, '2022-02-27 03:45:19', '2022-02-27 03:45:19'),
(43, 'http://localhost/office-project/ccKnowledgeBase/kbs2.1/public/avatar/placeholder.png', 'App\\Models\\User', 16459564006733, '2022-02-27 03:45:19', '2022-02-27 03:45:19'),
(44, 'http://localhost/office-project/ccKnowledgeBase/kbs2.1/public/avatar/placeholder.png', 'App\\Models\\User', 16459621218589, '2022-02-27 03:45:19', '2022-02-27 03:45:19'),
(45, 'http://localhost/office-project/ccKnowledgeBase/kbs2.1/public/avatar/placeholder.png', 'App\\Models\\User', 16459621278656, '2022-02-27 03:45:19', '2022-02-27 03:45:19'),
(46, 'http://localhost/office-project/ccKnowledgeBase/kbs2.1/public/avatar/placeholder.png', 'App\\Models\\User', 164595977917764, '2022-02-27 03:45:19', '2022-02-27 03:45:19'),
(47, 'http://localhost/office-project/ccKnowledgeBase/kbs2.1/public/avatar/placeholder.png', 'App\\Models\\User', 164595785214915, '2022-02-27 03:45:19', '2022-02-27 03:45:19'),
(48, 'http://localhost/office-project/ccKnowledgeBase/kbs2.1/public/avatar/placeholder.png', 'App\\Models\\User', 16459625539349, '2022-02-27 03:45:19', '2022-02-27 03:45:19'),
(49, 'http://localhost/office-project/ccKnowledgeBase/kbs2.1/public/avatar/placeholder.png', 'App\\Models\\User', 16459569418555, '2022-02-27 03:45:20', '2022-02-27 03:45:20'),
(50, 'http://localhost/office-project/ccKnowledgeBase/kbs2.1/public/avatar/placeholder.png', 'App\\Models\\User', 16459579125757, '2022-02-27 03:45:20', '2022-02-27 03:45:20'),
(51, 'http://localhost/office-project/ccKnowledgeBase/kbs2.1/public/avatar/placeholder.png', 'App\\Models\\User', 16459594218956, '2022-02-27 03:45:20', '2022-02-27 03:45:20'),
(52, 'http://localhost/office-project/ccKnowledgeBase/kbs2.1/public/avatar/placeholder.png', 'App\\Models\\User', 16459584167494, '2022-02-27 03:45:20', '2022-02-27 03:45:20'),
(53, 'http://localhost/office-project/ccKnowledgeBase/kbs2.1/public/avatar/placeholder.png', 'App\\Models\\User', 16459622678062, '2022-02-27 03:45:20', '2022-02-27 03:45:20'),
(54, 'http://localhost/office-project/ccKnowledgeBase/kbs2.1/public/avatar/placeholder.png', 'App\\Models\\User', 164596370510005, '2022-02-27 03:45:20', '2022-02-27 03:45:20'),
(55, 'http://localhost/office-project/ccKnowledgeBase/kbs2.1/public/avatar/placeholder.png', 'App\\Models\\User', 164596285913441, '2022-02-27 03:45:20', '2022-02-27 03:45:20'),
(56, 'http://localhost/office-project/ccKnowledgeBase/kbs2.1/public/avatar/placeholder.png', 'App\\Models\\User', 164595925210734, '2022-02-27 03:45:20', '2022-02-27 03:45:20'),
(57, 'http://localhost/office-project/ccKnowledgeBase/kbs2.1/public/avatar/placeholder.png', 'App\\Models\\User', 16459603309393, '2022-02-27 03:45:20', '2022-02-27 03:45:20'),
(58, 'http://localhost/office-project/ccKnowledgeBase/kbs2.1/public/avatar/placeholder.png', 'App\\Models\\User', 16459635416843, '2022-02-27 03:45:20', '2022-02-27 03:45:20'),
(59, 'http://localhost/office-project/ccKnowledgeBase/kbs2.1/public/avatar/placeholder.png', 'App\\Models\\User', 164596277615762, '2022-02-27 03:45:20', '2022-02-27 03:45:20'),
(60, 'http://localhost/office-project/ccKnowledgeBase/kbs2.1/public/avatar/placeholder.png', 'App\\Models\\User', 164595635313524, '2022-02-27 03:45:20', '2022-02-27 03:45:20'),
(61, 'http://localhost/office-project/ccKnowledgeBase/kbs2.1/public/avatar/placeholder.png', 'App\\Models\\User', 164595720112819, '2022-02-27 03:45:20', '2022-02-27 03:45:20'),
(62, 'http://localhost/office-project/ccKnowledgeBase/kbs2.1/public/avatar/placeholder.png', 'App\\Models\\User', 164596039514096, '2022-02-27 03:45:20', '2022-02-27 03:45:20'),
(63, 'http://localhost/office-project/ccKnowledgeBase/kbs2.1/public/avatar/placeholder.png', 'App\\Models\\User', 164596280513230, '2022-02-27 03:45:20', '2022-02-27 03:45:20'),
(64, 'http://localhost/office-project/ccKnowledgeBase/kbs2.1/public/avatar/placeholder.png', 'App\\Models\\User', 16459581895031, '2022-02-27 03:45:20', '2022-02-27 03:45:20'),
(65, 'http://localhost/office-project/ccKnowledgeBase/kbs2.1/public/avatar/placeholder.png', 'App\\Models\\User', 16459581846729, '2022-02-27 03:45:20', '2022-02-27 03:45:20'),
(66, 'http://localhost/office-project/ccKnowledgeBase/kbs2.1/public/avatar/placeholder.png', 'App\\Models\\User', 16459611047104, '2022-02-27 03:45:20', '2022-02-27 03:45:20'),
(67, 'http://localhost/office-project/ccKnowledgeBase/kbs2.1/public/avatar/placeholder.png', 'App\\Models\\User', 16459632097148, '2022-02-27 03:45:20', '2022-02-27 03:45:20'),
(68, 'http://localhost/ifickbs/public/uploads/avatar/20220417053528-gplex-1-.jpg', 'App\\Models\\User', 16459584056736, '2022-02-27 03:45:21', '2022-04-16 23:35:28'),
(72, 'http://localhost/ificKBS/public/media/banner/files/62b17292503e2.jpg', 'App\\Models\\Banner', 16557963704724, '2022-06-21 01:26:10', '2022-06-21 01:26:10'),
(79, 'http://localhost/ificKBS/public/media/article/files/1656227659_default.png', 'App\\Models\\Article', 16558818413390, '2022-06-26 01:14:19', '2022-06-26 01:14:19'),
(74, 'http://localhost/ificKBS/public/media/article/files/1655881924_EMS Deadline .PNG', 'App\\Models\\Article', 16558818413390, '2022-06-22 01:12:04', '2022-06-22 01:12:04'),
(80, 'http://localhost/ificKBS/public/media/banner/files/62bbd907e03eb.png', 'App\\Models\\Banner', 16564779496461, '2022-06-28 22:45:49', '2022-06-28 22:45:59'),
(78, 'http://localhost/ificKBS/public/media/article/files/1655964354_0081.jpg', 'App\\Models\\Article', 16559562788470, '2022-06-23 00:05:54', '2022-06-23 00:05:54');

-- --------------------------------------------------------

--
-- Table structure for table `menus`
--

CREATE TABLE `menus` (
  `id` char(36) COLLATE utf8mb4_unicode_ci NOT NULL,
  `parent_id` char(36) COLLATE utf8mb4_unicode_ci NOT NULL DEFAULT '0',
  `name` varchar(191) COLLATE utf8mb4_unicode_ci NOT NULL,
  `slug` varchar(191) COLLATE utf8mb4_unicode_ci DEFAULT NULL,
  `order_number` int(11) NOT NULL,
  `status` varchar(191) COLLATE utf8mb4_unicode_ci NOT NULL,
  `created_at` timestamp NULL DEFAULT NULL,
  `updated_at` timestamp NULL DEFAULT NULL
) ENGINE=MyISAM DEFAULT CHARSET=utf8mb4 COLLATE=utf8mb4_unicode_ci;

--
-- Dumping data for table `menus`
--

INSERT INTO `menus` (`id`, `parent_id`, `name`, `slug`, `order_number`, `status`, `created_at`, `updated_at`) VALUES
('165086990311183', '0', 'first menu3', 'first-menu3', 0, '1', '2022-04-24 23:26:31', '2022-04-24 23:26:31'),
('165440858916078', '165086990311183', 'Test menu', 'test-menu', 0, '1', '2022-06-04 22:11:56', '2022-06-04 22:11:56'),
('1654579226132719', '0', 'Abcdef', 'abcdef', 24, '1', '2022-06-06 21:56:16', '2022-06-06 21:56:16'),
('165457922613271', '165457333746844', 'Abc', 'abc', 21, '1', '2022-06-06 21:56:16', '2022-06-19 02:53:15'),
('165443603012658', '165086990311183', 'Authenticate Menu edit', 'authenticate-menu-edit', 12, '0', '2022-06-05 05:16:14', '2022-06-19 02:53:21'),
('1654579226132712', '', 'Abcd', 'abcd', 22, '1', '2022-06-06 21:56:16', '2022-06-06 21:56:16'),
('1654579226132344', '', 'New Menu Page', 'newpage', 30, '1', '2022-06-28 21:56:16', '2022-06-29 21:56:16'),
('1654579223746844', '', 'New Menu Page 2', 'newpage2', 31, '1', '2022-06-28 21:56:16', '2022-06-29 21:56:16'),
('165459226132344', '', 'New Menu Page 3', 'newpage', 30, '1', '2022-06-28 21:56:16', '2022-06-29 21:56:16'),
('165457333746844', '', 'New Menu Page 4', 'newpage4', 34, '1', '2022-06-28 21:56:16', '2022-06-29 21:56:16');

-- --------------------------------------------------------

--
-- Table structure for table `migrations`
--

CREATE TABLE `migrations` (
  `id` int(10) UNSIGNED NOT NULL,
  `migration` varchar(191) COLLATE utf8mb4_unicode_ci NOT NULL,
  `batch` int(11) NOT NULL
) ENGINE=MyISAM DEFAULT CHARSET=utf8mb4 COLLATE=utf8mb4_unicode_ci;

--
-- Dumping data for table `migrations`
--

INSERT INTO `migrations` (`id`, `migration`, `batch`) VALUES
(1, '2014_10_12_000000_create_users_table', 1),
(2, '2014_10_12_100000_create_password_resets_table', 1),
(3, '2016_06_01_000001_create_oauth_auth_codes_table', 1),
(4, '2016_06_01_000002_create_oauth_access_tokens_table', 1),
(5, '2016_06_01_000003_create_oauth_refresh_tokens_table', 1),
(6, '2016_06_01_000004_create_oauth_clients_table', 1),
(7, '2016_06_01_000005_create_oauth_personal_access_clients_table', 1),
(8, '2019_08_19_000000_create_failed_jobs_table', 1),
(9, '2020_11_04_122852_create_media_table', 1),
(10, '2021_02_01_044818_create_permissions_table', 1),
(11, '2021_02_01_044830_create_roles_table', 1),
(12, '2021_02_01_044901_create_users_permissions_table', 1),
(13, '2021_02_01_044917_create_users_roles_table', 1),
(14, '2021_02_01_044951_create_roles_permissions_table', 1),
(15, '2021_02_01_045000_create_categories_table', 1),
(16, '2021_02_01_045010_create_articles_table', 1),
(17, '2021_02_01_045110_create_pages_table', 1),
(34, '2021_02_01_045325_create_quizzes_table', 2),
(19, '2021_02_01_045335_create_quiz_forms_table', 1),
(20, '2021_02_01_045350_create_quiz_form_fields_table', 1),
(21, '2021_02_01_045434_create_faqs_table', 1),
(22, '2021_03_09_095709_create_results_table', 1),
(23, '2021_03_21_123048_create_contents_table', 1),
(24, '2021_03_23_102705_add_bn_body_to_contents_table', 1),
(25, '2021_03_28_102610_create_banners_table', 1),
(26, '2021_04_05_091659_add_entity_to_results_table', 1),
(27, '2021_04_05_092528_create_email_settings_table', 1),
(28, '2021_04_11_114328_create_comments_table', 1),
(29, '2021_04_19_093958_create_crud_histories_table', 1),
(30, '2021_04_29_080029_create_notifications_table', 1),
(31, '2021_05_25_082040_add_attempt_to_result_table', 1),
(32, '2021_06_28_033618_add_notifiable_column_to_articles', 1),
(33, '2021_06_28_052430_add_notifiable_column_to_faq', 1),
(35, '2021_06_30_032237_add_date_columns_to_quizes', 3),
(36, '2021_12_22_084443_create_quiz_results_table', 4),
(37, '2021_12_22_035158_create_groups_table', 5),
(38, '2022_01_12_055404_create_group_roles_table', 5),
(39, '2022_01_13_040919_create_category_groups_table', 5),
(40, '2022_04_24_035443_create_menus_table', 6),
(41, '2022_06_02_074117_create_links_table', 7),
(42, '2022_06_05_101031_add_order_number_to_menus_table', 8),
(43, '2022_06_06_034702_create_interest_rates_table', 9),
(44, '2022_06_05_041501_create_dynamic_pages_table', 10),
(45, '2022_06_21_071732_create_dynamic_page_files_table', 11),
(46, '2022_06_27_044954_create_exchange_rates_table', 12),
(47, '2022_06_27_061206_create_exchange_rates_table', 13),
(48, '2022_06_27_062206_create_exchange_rates_table', 14),
(49, '2022_06_29_033159_add_thumbnail_img_and_banner_img', 15),
(50, '2022_06_29_044135_add_banner_img', 16);

-- --------------------------------------------------------

--
-- Table structure for table `notifications`
--

CREATE TABLE `notifications` (
  `id` char(36) COLLATE utf8mb4_unicode_ci NOT NULL,
  `type` varchar(191) COLLATE utf8mb4_unicode_ci NOT NULL,
  `notifiable_type` varchar(191) COLLATE utf8mb4_unicode_ci NOT NULL,
  `notifiable_id` bigint(20) UNSIGNED NOT NULL,
  `data` text COLLATE utf8mb4_unicode_ci NOT NULL,
  `read_at` timestamp NULL DEFAULT NULL,
  `created_at` timestamp NULL DEFAULT NULL,
  `updated_at` timestamp NULL DEFAULT NULL
) ENGINE=MyISAM DEFAULT CHARSET=utf8mb4 COLLATE=utf8mb4_unicode_ci;

--
-- Dumping data for table `notifications`
--

INSERT INTO `notifications` (`id`, `type`, `notifiable_type`, `notifiable_id`, `data`, `read_at`, `created_at`, `updated_at`) VALUES
('499a5a3c-b642-4ec7-bc18-3cbb4044b3fc', 'App\\Notifications\\UpdateFaqNotify', 'App\\Models\\User', 16249427894837, '{\"type\":\"Update faq\",\"sent_user_id\":16249427894837,\"article_id\":16249528340460,\"article_title\":\"dfgfdg\"}', NULL, '2021-06-29 01:53:40', '2021-06-29 01:53:40'),
('e2137378-03ae-4bd2-9d6b-c4d07661bb7f', 'App\\Notifications\\DeleteFaqNotify', 'App\\Models\\User', 16249427894837, '{\"type\":\"Delete faq\",\"sent_user_id\":16249427894837,\"article_id\":16249528340460,\"article_title\":\"dfgfdg\"}', NULL, '2021-06-29 02:06:17', '2021-06-29 02:06:17'),
('2bcc71f8-067b-4f12-a71d-8523ec1a4dc3', 'App\\Notifications\\NewArticleNotify', 'App\\Models\\User', 16249427894837, '{\"type\":\"Add new article\",\"sent_user_id\":16249427894837,\"article_id\":16249583631880,\"article_title\":\"sdfsdf\"}', NULL, '2021-06-29 03:19:45', '2021-06-29 03:19:45'),
('383d3248-9586-4b6f-966d-ab90e5de4460', 'App\\Notifications\\NewArticleNotify', 'App\\Models\\User', 16249492412111, '{\"type\":\"Add new article\",\"sent_user_id\":16249492412111,\"article_id\":16249583631880,\"article_title\":\"sdfsdf\"}', NULL, '2021-06-29 03:19:48', '2021-06-29 03:19:48'),
('d1aad407-6e2d-49a1-ab5a-016067a8c19f', 'App\\Notifications\\NewArticleNotify', 'App\\Models\\User', 16249492783512, '{\"type\":\"Add new article\",\"sent_user_id\":16249492783512,\"article_id\":16249583631880,\"article_title\":\"sdfsdf\"}', NULL, '2021-06-29 03:19:51', '2021-06-29 03:19:51'),
('63675593-81f1-4f0d-baec-ba06b7792112', 'App\\Notifications\\UpdateArticleNotify', 'App\\Models\\User', 16249427894837, '{\"type\":\"Update article\",\"sent_user_id\":16249427894837,\"article_id\":16249580328830,\"article_title\":\"fghfh\"}', NULL, '2021-06-29 03:22:42', '2021-06-29 03:22:42'),
('8b8ccca0-3829-434b-917c-2a8f4d247de3', 'App\\Notifications\\UpdateArticleNotify', 'App\\Models\\User', 16249492412111, '{\"type\":\"Update article\",\"sent_user_id\":16249492412111,\"article_id\":16249580328830,\"article_title\":\"fghfh\"}', NULL, '2021-06-29 03:22:45', '2021-06-29 03:22:45'),
('135eca9b-7783-4156-8c58-da400118c040', 'App\\Notifications\\UpdateArticleNotify', 'App\\Models\\User', 16249492783512, '{\"type\":\"Update article\",\"sent_user_id\":16249492783512,\"article_id\":16249580328830,\"article_title\":\"fghfh\"}', NULL, '2021-06-29 03:22:47', '2021-06-29 03:22:47'),
('a11fc9a5-750a-4445-993b-b027b53978e7', 'App\\Notifications\\UpdateArticleNotify', 'App\\Models\\User', 16249427894837, '{\"type\":\"Update article\",\"sent_user_id\":16249427894837,\"article_id\":16249583631880,\"article_title\":\"sdfsdf\"}', NULL, '2021-06-29 03:24:05', '2021-06-29 03:24:05'),
('51956a37-7489-4522-b74d-1ff378fb4f4f', 'App\\Notifications\\UpdateArticleNotify', 'App\\Models\\User', 16249492412111, '{\"type\":\"Update article\",\"sent_user_id\":16249492412111,\"article_id\":16249583631880,\"article_title\":\"sdfsdf\"}', NULL, '2021-06-29 03:24:08', '2021-06-29 03:24:08'),
('ca7f2c51-c5cd-4226-82e1-88729ffcccf4', 'App\\Notifications\\UpdateArticleNotify', 'App\\Models\\User', 16249492783512, '{\"type\":\"Update article\",\"sent_user_id\":16249492783512,\"article_id\":16249583631880,\"article_title\":\"sdfsdf\"}', NULL, '2021-06-29 03:24:11', '2021-06-29 03:24:11'),
('8e5de843-4418-43aa-ac17-cdf727a63859', 'App\\Notifications\\DeleteArticleNotify', 'App\\Models\\User', 16249427894837, '{\"type\":\"Delete article\",\"sent_user_id\":16249427894837,\"article_id\":16249583631880,\"article_title\":\"sdfsdf\"}', NULL, '2021-06-29 03:24:47', '2021-06-29 03:24:47'),
('d0dfa5fb-e62a-4345-8543-1278d0af40b5', 'App\\Notifications\\DeleteArticleNotify', 'App\\Models\\User', 16249492412111, '{\"type\":\"Delete article\",\"sent_user_id\":16249492412111,\"article_id\":16249583631880,\"article_title\":\"sdfsdf\"}', NULL, '2021-06-29 03:24:50', '2021-06-29 03:24:50'),
('6f3729ab-9f76-4fbd-93c1-c541f15d2216', 'App\\Notifications\\DeleteArticleNotify', 'App\\Models\\User', 16249492783512, '{\"type\":\"Delete article\",\"sent_user_id\":16249492783512,\"article_id\":16249583631880,\"article_title\":\"sdfsdf\"}', NULL, '2021-06-29 03:24:53', '2021-06-29 03:24:53'),
('b6f28a8a-c087-4ae2-86d4-327ece9f9aa3', 'App\\Notifications\\NewFaqNotify', 'App\\Models\\User', 16249427894837, '{\"type\":\"Add faq\",\"sent_user_id\":16249427894837,\"article_id\":16249589421750,\"article_title\":\"xcvxcv\"}', NULL, '2021-06-29 03:29:21', '2021-06-29 03:29:21'),
('59bbea2b-e7c4-4c62-a9e1-9680c42b57f9', 'App\\Notifications\\DeleteFaqNotify', 'App\\Models\\User', 16249427894837, '{\"type\":\"Delete faq\",\"sent_user_id\":16249427894837,\"article_id\":16249589421750,\"article_title\":\"xcvxcv\"}', NULL, '2021-06-29 03:30:39', '2021-06-29 03:30:39'),
('0b769e77-d218-4c17-aed9-18231b32a091', 'App\\Notifications\\NewFaqNotify', 'App\\Models\\User', 16249427894837, '{\"type\":\"Add faq\",\"sent_user_id\":16249427894837,\"article_id\":16249591064130,\"article_title\":\"fsdfsd\"}', NULL, '2021-06-29 03:32:19', '2021-06-29 03:32:19'),
('be62239b-21e3-43e9-bd70-eb3cd0612b96', 'App\\Notifications\\NewFaqNotify', 'App\\Models\\User', 16249492412111, '{\"type\":\"Add faq\",\"sent_user_id\":16249492412111,\"article_id\":16249591064130,\"article_title\":\"fsdfsd\"}', NULL, '2021-06-29 03:32:22', '2021-06-29 03:32:22'),
('e0a61584-2efc-4581-9dad-f7e5554e2464', 'App\\Notifications\\NewFaqNotify', 'App\\Models\\User', 16249492783512, '{\"type\":\"Add faq\",\"sent_user_id\":16249492783512,\"article_id\":16249591064130,\"article_title\":\"fsdfsd\"}', NULL, '2021-06-29 03:32:25', '2021-06-29 03:32:25'),
('a199262d-e596-4dac-9189-00d18db7bb63', 'App\\Notifications\\UpdateFaqNotify', 'App\\Models\\User', 16249427894837, '{\"type\":\"Update faq\",\"sent_user_id\":16249427894837,\"article_id\":16249591064130,\"article_title\":\"fsdfsd\"}', NULL, '2021-06-29 03:36:20', '2021-06-29 03:36:20'),
('1bc98cae-e995-4a08-868b-e9fea38552e0', 'App\\Notifications\\UpdateFaqNotify', 'App\\Models\\User', 16249492412111, '{\"type\":\"Update faq\",\"sent_user_id\":16249492412111,\"article_id\":16249591064130,\"article_title\":\"fsdfsd\"}', NULL, '2021-06-29 03:36:23', '2021-06-29 03:36:23'),
('b73bbfc1-7126-4f9b-88f7-12bc8e441756', 'App\\Notifications\\UpdateFaqNotify', 'App\\Models\\User', 16249492783512, '{\"type\":\"Update faq\",\"sent_user_id\":16249492783512,\"article_id\":16249591064130,\"article_title\":\"fsdfsd\"}', NULL, '2021-06-29 03:36:26', '2021-06-29 03:36:26'),
('95465409-491b-4672-a480-971d58ddef23', 'App\\Notifications\\UpdateArticleNotify', 'App\\Models\\User', 16249427894837, '{\"type\":\"Update article\",\"sent_user_id\":16249427894837,\"article_id\":16431757399370,\"article_title\":\"daddasda\"}', NULL, '2022-01-25 23:45:44', '2022-01-25 23:45:44'),
('56f73fb7-abb6-4214-9fdf-5da96a6b3239', 'App\\Notifications\\UpdateArticleNotify', 'App\\Models\\User', 16249492412111, '{\"type\":\"Update article\",\"sent_user_id\":16249492412111,\"article_id\":16431757399370,\"article_title\":\"daddasda\"}', NULL, '2022-01-25 23:45:47', '2022-01-25 23:45:47'),
('40b3a100-7ffa-4e15-a6a9-1152e440ab68', 'App\\Notifications\\UpdateArticleNotify', 'App\\Models\\User', 164015267815671, '{\"type\":\"Update article\",\"sent_user_id\":164015267815671,\"article_id\":16431757399370,\"article_title\":\"daddasda\"}', NULL, '2022-04-17 23:22:40', '2022-04-17 23:22:40'),
('65b00fb0-a3b7-4bff-9fe5-0fda7a7da65b', 'App\\Notifications\\UpdateArticleNotify', 'App\\Models\\User', 164596037314730, '{\"type\":\"Update article\",\"sent_user_id\":164596037314730,\"article_id\":16431757399370,\"article_title\":\"daddasda\"}', NULL, '2022-04-17 23:22:44', '2022-04-17 23:22:44'),
('0975f343-134e-47cf-86fa-a49b90c83793', 'App\\Notifications\\UpdateArticleNotify', 'App\\Models\\User', 164595780311492, '{\"type\":\"Update article\",\"sent_user_id\":164595780311492,\"article_id\":16431757399370,\"article_title\":\"daddasda\"}', NULL, '2022-04-17 23:22:48', '2022-04-17 23:22:48'),
('69e14ecb-8117-42aa-b885-b9d4e1ed8e2d', 'App\\Notifications\\UpdateArticleNotify', 'App\\Models\\User', 164595903316735, '{\"type\":\"Update article\",\"sent_user_id\":164595903316735,\"article_id\":16431757399370,\"article_title\":\"daddasda\"}', NULL, '2022-04-17 23:22:52', '2022-04-17 23:22:52'),
('2b6394eb-d181-40fc-942a-c2ad786b0987', 'App\\Notifications\\UpdateArticleNotify', 'App\\Models\\User', 164596359010144, '{\"type\":\"Update article\",\"sent_user_id\":164596359010144,\"article_id\":16431757399370,\"article_title\":\"daddasda\"}', NULL, '2022-04-17 23:22:55', '2022-04-17 23:22:55'),
('d7398e34-f7ff-411f-9a15-26baddf81fa8', 'App\\Notifications\\UpdateArticleNotify', 'App\\Models\\User', 164596074513269, '{\"type\":\"Update article\",\"sent_user_id\":164596074513269,\"article_id\":16431757399370,\"article_title\":\"daddasda\"}', NULL, '2022-04-17 23:22:59', '2022-04-17 23:22:59'),
('4ca92a76-7b09-44b9-807e-9a0328b4108c', 'App\\Notifications\\DeleteFaqNotify', 'App\\Models\\User', 164015267815671, '{\"type\":\"Delete faq\",\"sent_user_id\":164015267815671,\"article_id\":16249591064130,\"article_title\":\"i am ok\"}', NULL, '2022-04-17 23:26:49', '2022-04-17 23:26:49'),
('e31914b5-113e-44dd-9ccf-c131f4f76a5d', 'App\\Notifications\\DeleteFaqNotify', 'App\\Models\\User', 164015267815671, '{\"type\":\"Delete faq\",\"sent_user_id\":164015267815671,\"article_id\":16249591064130,\"article_title\":\"i am ok\"}', NULL, '2022-04-17 23:26:50', '2022-04-17 23:26:50'),
('3140b357-1088-4ceb-98bf-c52982ecaeda', 'App\\Notifications\\DeleteFaqNotify', 'App\\Models\\User', 164596037314730, '{\"type\":\"Delete faq\",\"sent_user_id\":164596037314730,\"article_id\":16249591064130,\"article_title\":\"i am ok\"}', NULL, '2022-04-17 23:26:52', '2022-04-17 23:26:52'),
('44ba27ed-2e27-42fe-ab87-bd75c61ef7b8', 'App\\Notifications\\DeleteFaqNotify', 'App\\Models\\User', 164596037314730, '{\"type\":\"Delete faq\",\"sent_user_id\":164596037314730,\"article_id\":16249591064130,\"article_title\":\"i am ok\"}', NULL, '2022-04-17 23:26:54', '2022-04-17 23:26:54'),
('5cbb4324-80ac-4968-880a-ba54e8397c5e', 'App\\Notifications\\DeleteFaqNotify', 'App\\Models\\User', 164595780311492, '{\"type\":\"Delete faq\",\"sent_user_id\":164595780311492,\"article_id\":16249591064130,\"article_title\":\"i am ok\"}', NULL, '2022-04-17 23:26:56', '2022-04-17 23:26:56'),
('3fe0c60e-d65c-4b46-82d7-313e2f48359d', 'App\\Notifications\\DeleteFaqNotify', 'App\\Models\\User', 164595780311492, '{\"type\":\"Delete faq\",\"sent_user_id\":164595780311492,\"article_id\":16249591064130,\"article_title\":\"i am ok\"}', NULL, '2022-04-17 23:26:58', '2022-04-17 23:26:58'),
('86c556b3-7906-4a59-97c5-bfc0b60e720b', 'App\\Notifications\\DeleteFaqNotify', 'App\\Models\\User', 164595903316735, '{\"type\":\"Delete faq\",\"sent_user_id\":164595903316735,\"article_id\":16249591064130,\"article_title\":\"i am ok\"}', NULL, '2022-04-17 23:26:59', '2022-04-17 23:26:59'),
('bc77d894-2ce7-4384-8934-000fb25afebb', 'App\\Notifications\\DeleteFaqNotify', 'App\\Models\\User', 164595903316735, '{\"type\":\"Delete faq\",\"sent_user_id\":164595903316735,\"article_id\":16249591064130,\"article_title\":\"i am ok\"}', NULL, '2022-04-17 23:27:01', '2022-04-17 23:27:01'),
('a2538b42-2498-4b3a-8303-6ff1b077cf20', 'App\\Notifications\\DeleteFaqNotify', 'App\\Models\\User', 164596359010144, '{\"type\":\"Delete faq\",\"sent_user_id\":164596359010144,\"article_id\":16249591064130,\"article_title\":\"i am ok\"}', NULL, '2022-04-17 23:27:03', '2022-04-17 23:27:03'),
('05dd6c6e-4ce6-4215-bf8f-d42fc16c43a4', 'App\\Notifications\\DeleteFaqNotify', 'App\\Models\\User', 164596359010144, '{\"type\":\"Delete faq\",\"sent_user_id\":164596359010144,\"article_id\":16249591064130,\"article_title\":\"i am ok\"}', NULL, '2022-04-17 23:27:05', '2022-04-17 23:27:05'),
('8aace07a-7bad-418c-bf5c-61a54349ff47', 'App\\Notifications\\DeleteFaqNotify', 'App\\Models\\User', 164596074513269, '{\"type\":\"Delete faq\",\"sent_user_id\":164596074513269,\"article_id\":16249591064130,\"article_title\":\"i am ok\"}', NULL, '2022-04-17 23:27:05', '2022-04-17 23:27:05'),
('4cb2fcbc-138e-4da2-89ae-e9b0ae48c129', 'App\\Notifications\\DeleteFaqNotify', 'App\\Models\\User', 164596074513269, '{\"type\":\"Delete faq\",\"sent_user_id\":164596074513269,\"article_id\":16249591064130,\"article_title\":\"i am ok\"}', NULL, '2022-04-17 23:27:08', '2022-04-17 23:27:08'),
('6ec16a50-3193-4e18-b259-420b18723eb4', 'App\\Notifications\\DeleteFaqNotify', 'App\\Models\\User', 164596126510036, '{\"type\":\"Delete faq\",\"sent_user_id\":164596126510036,\"article_id\":16249591064130,\"article_title\":\"i am ok\"}', NULL, '2022-04-17 23:27:09', '2022-04-17 23:27:09'),
('5900b491-2e23-4c31-a3a6-252569c84926', 'App\\Notifications\\DeleteFaqNotify', 'App\\Models\\User', 164596126510036, '{\"type\":\"Delete faq\",\"sent_user_id\":164596126510036,\"article_id\":16249591064130,\"article_title\":\"i am ok\"}', NULL, '2022-04-17 23:27:12', '2022-04-17 23:27:12'),
('fd1f6672-356a-436d-b89f-f19afcd3f6ca', 'App\\Notifications\\DeleteFaqNotify', 'App\\Models\\User', 164595790510291, '{\"type\":\"Delete faq\",\"sent_user_id\":164595790510291,\"article_id\":16249591064130,\"article_title\":\"i am ok\"}', NULL, '2022-04-17 23:27:13', '2022-04-17 23:27:13'),
('bc653867-2718-4f92-9739-306046c67994', 'App\\Notifications\\DeleteFaqNotify', 'App\\Models\\User', 164595790510291, '{\"type\":\"Delete faq\",\"sent_user_id\":164595790510291,\"article_id\":16249591064130,\"article_title\":\"i am ok\"}', NULL, '2022-04-17 23:27:15', '2022-04-17 23:27:15'),
('59485693-d361-4e90-abe5-42efa1031a2c', 'App\\Notifications\\DeleteFaqNotify', 'App\\Models\\User', 16459636079060, '{\"type\":\"Delete faq\",\"sent_user_id\":16459636079060,\"article_id\":16249591064130,\"article_title\":\"i am ok\"}', NULL, '2022-04-17 23:27:16', '2022-04-17 23:27:16'),
('37b6bce8-06b1-4a7f-9765-b7e9ad002807', 'App\\Notifications\\DeleteFaqNotify', 'App\\Models\\User', 16459636079060, '{\"type\":\"Delete faq\",\"sent_user_id\":16459636079060,\"article_id\":16249591064130,\"article_title\":\"i am ok\"}', NULL, '2022-04-17 23:27:19', '2022-04-17 23:27:19'),
('a93444d7-bf4a-4859-adcb-86c97f163fd0', 'App\\Notifications\\DeleteFaqNotify', 'App\\Models\\User', 16459563305868, '{\"type\":\"Delete faq\",\"sent_user_id\":16459563305868,\"article_id\":16249591064130,\"article_title\":\"i am ok\"}', NULL, '2022-04-17 23:27:20', '2022-04-17 23:27:20'),
('f749911e-fde9-4132-8eaf-b00de5b8b422', 'App\\Notifications\\DeleteFaqNotify', 'App\\Models\\User', 16459563305868, '{\"type\":\"Delete faq\",\"sent_user_id\":16459563305868,\"article_id\":16249591064130,\"article_title\":\"i am ok\"}', NULL, '2022-04-17 23:27:22', '2022-04-17 23:27:22'),
('71d3baf3-9d4f-436c-b397-822d9343eb9a', 'App\\Notifications\\DeleteFaqNotify', 'App\\Models\\User', 16459563286820, '{\"type\":\"Delete faq\",\"sent_user_id\":16459563286820,\"article_id\":16249591064130,\"article_title\":\"i am ok\"}', NULL, '2022-04-17 23:27:23', '2022-04-17 23:27:23'),
('55e13bb1-3d81-41d3-bca1-629bf152477a', 'App\\Notifications\\DeleteFaqNotify', 'App\\Models\\User', 16459563286820, '{\"type\":\"Delete faq\",\"sent_user_id\":16459563286820,\"article_id\":16249591064130,\"article_title\":\"i am ok\"}', NULL, '2022-04-17 23:27:26', '2022-04-17 23:27:26'),
('bd220a3b-4cee-4f51-a025-65826540c394', 'App\\Notifications\\DeleteFaqNotify', 'App\\Models\\User', 16459621284061, '{\"type\":\"Delete faq\",\"sent_user_id\":16459621284061,\"article_id\":16249591064130,\"article_title\":\"i am ok\"}', NULL, '2022-04-17 23:27:26', '2022-04-17 23:27:26'),
('b18eb720-1f62-4345-a776-acb6df11772e', 'App\\Notifications\\DeleteFaqNotify', 'App\\Models\\User', 16459621284061, '{\"type\":\"Delete faq\",\"sent_user_id\":16459621284061,\"article_id\":16249591064130,\"article_title\":\"i am ok\"}', NULL, '2022-04-17 23:27:29', '2022-04-17 23:27:29'),
('f245b0c1-bfa3-4e3d-bffb-f13a0bdaf265', 'App\\Notifications\\DeleteFaqNotify', 'App\\Models\\User', 164596047815341, '{\"type\":\"Delete faq\",\"sent_user_id\":164596047815341,\"article_id\":16249591064130,\"article_title\":\"i am ok\"}', NULL, '2022-04-17 23:27:30', '2022-04-17 23:27:30'),
('0fe36380-1493-4a4e-9e16-da4ca3e9fc13', 'App\\Notifications\\DeleteFaqNotify', 'App\\Models\\User', 164596047815341, '{\"type\":\"Delete faq\",\"sent_user_id\":164596047815341,\"article_id\":16249591064130,\"article_title\":\"i am ok\"}', NULL, '2022-04-17 23:27:33', '2022-04-17 23:27:33'),
('996029f8-0eeb-4ee0-8ba9-c0944f9d5daa', 'App\\Notifications\\DeleteFaqNotify', 'App\\Models\\User', 16459619808378, '{\"type\":\"Delete faq\",\"sent_user_id\":16459619808378,\"article_id\":16249591064130,\"article_title\":\"i am ok\"}', NULL, '2022-04-17 23:27:33', '2022-04-17 23:27:33'),
('b62d69ce-7e48-4be2-9c83-0530992b86f3', 'App\\Notifications\\DeleteFaqNotify', 'App\\Models\\User', 16459619808378, '{\"type\":\"Delete faq\",\"sent_user_id\":16459619808378,\"article_id\":16249591064130,\"article_title\":\"i am ok\"}', NULL, '2022-04-17 23:27:37', '2022-04-17 23:27:37'),
('2ada5db3-77ab-4498-849c-872ffe5ab63f', 'App\\Notifications\\DeleteFaqNotify', 'App\\Models\\User', 164596327711882, '{\"type\":\"Delete faq\",\"sent_user_id\":164596327711882,\"article_id\":16249591064130,\"article_title\":\"i am ok\"}', NULL, '2022-04-17 23:27:37', '2022-04-17 23:27:37'),
('33521414-a5ba-4019-a288-280e873cc840', 'App\\Notifications\\DeleteFaqNotify', 'App\\Models\\User', 164596327711882, '{\"type\":\"Delete faq\",\"sent_user_id\":164596327711882,\"article_id\":16249591064130,\"article_title\":\"i am ok\"}', NULL, '2022-04-17 23:27:40', '2022-04-17 23:27:40'),
('a17b960d-b25b-4dfd-88df-de58b787bc47', 'App\\Notifications\\DeleteFaqNotify', 'App\\Models\\User', 16459581008490, '{\"type\":\"Delete faq\",\"sent_user_id\":16459581008490,\"article_id\":16249591064130,\"article_title\":\"i am ok\"}', NULL, '2022-04-17 23:27:40', '2022-04-17 23:27:40'),
('f328602f-690d-45e4-8272-3bab2f95e5e4', 'App\\Notifications\\DeleteFaqNotify', 'App\\Models\\User', 16459581008490, '{\"type\":\"Delete faq\",\"sent_user_id\":16459581008490,\"article_id\":16249591064130,\"article_title\":\"i am ok\"}', NULL, '2022-04-17 23:27:43', '2022-04-17 23:27:43'),
('d8fca915-bf05-415d-a35e-f23a4da1861c', 'App\\Notifications\\DeleteFaqNotify', 'App\\Models\\User', 16459563186657, '{\"type\":\"Delete faq\",\"sent_user_id\":16459563186657,\"article_id\":16249591064130,\"article_title\":\"i am ok\"}', NULL, '2022-04-17 23:27:44', '2022-04-17 23:27:44'),
('cc571bc5-5a81-48b6-b8df-a9fb362fed21', 'App\\Notifications\\DeleteFaqNotify', 'App\\Models\\User', 16459563186657, '{\"type\":\"Delete faq\",\"sent_user_id\":16459563186657,\"article_id\":16249591064130,\"article_title\":\"i am ok\"}', NULL, '2022-04-17 23:27:47', '2022-04-17 23:27:47'),
('a2e2b4dd-e019-4058-93b1-416a36ee8124', 'App\\Notifications\\DeleteFaqNotify', 'App\\Models\\User', 16459639727431, '{\"type\":\"Delete faq\",\"sent_user_id\":16459639727431,\"article_id\":16249591064130,\"article_title\":\"i am ok\"}', NULL, '2022-04-17 23:27:48', '2022-04-17 23:27:48'),
('6360e2db-550e-47d7-989d-6cf1c556070f', 'App\\Notifications\\DeleteFaqNotify', 'App\\Models\\User', 16459639727431, '{\"type\":\"Delete faq\",\"sent_user_id\":16459639727431,\"article_id\":16249591064130,\"article_title\":\"i am ok\"}', NULL, '2022-04-17 23:27:51', '2022-04-17 23:27:51'),
('c28aae7a-1c85-4313-937d-884398aad9de', 'App\\Notifications\\DeleteFaqNotify', 'App\\Models\\User', 16459604685368, '{\"type\":\"Delete faq\",\"sent_user_id\":16459604685368,\"article_id\":16249591064130,\"article_title\":\"i am ok\"}', NULL, '2022-04-17 23:27:52', '2022-04-17 23:27:52'),
('efcb6430-0119-4f85-a620-8d21cda993ad', 'App\\Notifications\\DeleteFaqNotify', 'App\\Models\\User', 16459604685368, '{\"type\":\"Delete faq\",\"sent_user_id\":16459604685368,\"article_id\":16249591064130,\"article_title\":\"i am ok\"}', NULL, '2022-04-17 23:27:55', '2022-04-17 23:27:55');

-- --------------------------------------------------------

--
-- Table structure for table `oauth_access_tokens`
--

CREATE TABLE `oauth_access_tokens` (
  `id` varchar(100) COLLATE utf8mb4_unicode_ci NOT NULL,
  `user_id` bigint(20) UNSIGNED DEFAULT NULL,
  `client_id` bigint(20) UNSIGNED NOT NULL,
  `name` varchar(191) COLLATE utf8mb4_unicode_ci DEFAULT NULL,
  `scopes` text COLLATE utf8mb4_unicode_ci DEFAULT NULL,
  `revoked` tinyint(1) NOT NULL,
  `created_at` timestamp NULL DEFAULT NULL,
  `updated_at` timestamp NULL DEFAULT NULL,
  `expires_at` datetime DEFAULT NULL
) ENGINE=MyISAM DEFAULT CHARSET=utf8mb4 COLLATE=utf8mb4_unicode_ci;

--
-- Dumping data for table `oauth_access_tokens`
--

INSERT INTO `oauth_access_tokens` (`id`, `user_id`, `client_id`, `name`, `scopes`, `revoked`, `created_at`, `updated_at`, `expires_at`) VALUES
('ee6dc9845b4fdad0049bd95b3b9a63f9a52c60aa5bcedb37f253bf892c8bf4e20cab747040a61713', 16249427894837, 1, 'Knowledge Base', '[]', 1, '2021-06-28 23:00:39', '2021-06-28 23:00:39', '2022-06-29 05:00:39'),
('9fa98a809da7ebc042825a2096b04e8c75b00d03c9f62dbbf2252f3f6f0d2fc270f27cf048882904', 16249427894837, 1, 'Knowledge Base', '[]', 1, '2021-06-28 23:40:17', '2021-06-28 23:40:17', '2022-06-29 05:40:17'),
('3eaf03fb09892619d6fb9da1cf5cdefabbfd2b1cb7cfaa87bb99851f08b61bcdbc4ef8ca8ba7759b', 16249427894837, 1, 'Knowledge Base', '[]', 1, '2021-06-29 00:36:46', '2021-06-29 00:36:46', '2022-06-29 06:36:46'),
('1c9ab00b887fd0114b1f16ef8d14fd89c434d7da64c63ec00b9b56ed9ed1c0027ac3a853956989fe', 16249492783512, 1, 'Knowledge Base', '[]', 0, '2021-06-29 00:48:14', '2021-06-29 00:48:14', '2022-06-29 06:48:14'),
('aa4ddb59e348f5d4e56eeddbc7905951f75baf1b8362b557fb55d4e0d7af1ec0748e73ae33087408', 16249492412111, 1, 'Knowledge Base', '[]', 0, '2021-06-29 00:48:23', '2021-06-29 00:48:23', '2022-06-29 06:48:23'),
('f1edf8a926cfbaf173f3fcc41bf2a9de36b8bc1a309978911823496337d7d0d700a39fa8fe11160f', 16249492412111, 1, 'Knowledge Base', '[]', 0, '2021-06-29 00:48:25', '2021-06-29 00:48:25', '2022-06-29 06:48:25'),
('0d55b6e632dceb3fee1db1eeb9c1d554780fc68922811671759636c177424e443888b3b8a7a081f0', 16249492412111, 1, 'Knowledge Base', '[]', 0, '2021-06-29 00:48:26', '2021-06-29 00:48:26', '2022-06-29 06:48:26'),
('f7b1241f4bab71cb1291950370d5a5a2830bc203ac10dde5dec64ba779f9c4285dd3f936edce1b99', 16249427894837, 1, 'Knowledge Base', '[]', 1, '2021-06-29 00:49:00', '2021-06-29 00:49:00', '2022-06-29 06:49:00'),
('f2e0d44caa7a248c65dfaa0f4cd22af23f05c95c08d79d0257ced45a2680b15f5535a9aca6bb1fdd', 16249492412111, 1, 'Knowledge Base', '[]', 1, '2021-06-29 00:49:35', '2021-06-29 00:49:35', '2022-06-29 06:49:35'),
('9b703f7c0fbedd40df82738ee21af68fa85b931e929a9f7c32eaad2e83f5699cdb91059a022e8304', 16249492783512, 1, 'Knowledge Base', '[]', 1, '2021-06-29 00:50:07', '2021-06-29 00:50:07', '2022-06-29 06:50:07'),
('4de257407232dc032a9d173b7012b50a83589670a6f72928d1c3b6fbe28ff3703abc735ed54163cf', 16249427894837, 1, 'Knowledge Base', '[]', 1, '2021-06-29 01:15:42', '2021-06-29 01:15:42', '2022-06-29 07:15:42'),
('9491fc29e8dc09dbd1e1d3dc33eb899363adc6dd30e1e23a9a78e18514a5f7d7daa97a2e204c6776', 16249427894837, 1, 'Knowledge Base', '[]', 0, '2021-06-29 03:42:42', '2021-06-29 03:42:42', '2022-06-29 09:42:42'),
('77234231efe887c294a60023ca1e7c8c2bb9395b19c5e14fd06f2c3547dec906017716bc4338ba15', 16249492412111, 1, 'Knowledge Base', '[]', 1, '2021-06-29 03:53:16', '2021-06-29 03:53:16', '2022-06-29 09:53:16'),
('092304e7ef001cd92c5a88e2669f05f23c0d96dfebc8f2b42b245c4dc9132fd5e2a6ad7fa728cc4d', 16249427894837, 1, 'Knowledge Base', '[]', 1, '2021-06-29 03:53:23', '2021-06-29 03:53:23', '2022-06-29 09:53:23'),
('d3da3fd55af9b337dfd220c67307f8e7e9f7a4487625fed01d184f8ff1bc7f8dec4b31d36424814e', 16249492412111, 1, 'Knowledge Base', '[]', 1, '2021-06-29 03:53:48', '2021-06-29 03:53:48', '2022-06-29 09:53:48'),
('7cbb79efeb2bc8d9ac8d04d60f68e2d5829f0677b943503ef1caa1998618a1c66df77702cfa3da55', 16249427894837, 1, 'Knowledge Base', '[]', 1, '2021-06-29 03:54:11', '2021-06-29 03:54:11', '2022-06-29 09:54:11'),
('7752c284952de5a6f9449f7629867a2284f8c56293e859391469e67e4de771f19949faa158e5cbd0', 16249492412111, 1, 'Knowledge Base', '[]', 1, '2021-06-29 04:08:33', '2021-06-29 04:08:33', '2022-06-29 10:08:33'),
('38423022f26d5fce70054c7f8451dd08a116545e08247ba16ec818dcc9b1117384cadb3bcaf394df', 16249427894837, 1, 'Knowledge Base', '[]', 1, '2021-06-29 04:08:58', '2021-06-29 04:08:58', '2022-06-29 10:08:58'),
('46170fc7c4a68db99d014b0bcad4f5a6f68d8b72926cfcae3106c674681103743b056b4dd128eb24', 16249492412111, 1, 'Knowledge Base', '[]', 1, '2021-06-29 04:09:33', '2021-06-29 04:09:33', '2022-06-29 10:09:33'),
('184242522298e84e9a976c19d3c7c248af92ae53856a27b90afba6640caa5e8cf1ad44a8649d7d65', 16249427894837, 1, 'Knowledge Base', '[]', 1, '2021-06-29 04:10:04', '2021-06-29 04:10:04', '2022-06-29 10:10:04'),
('02ad1136ceeb619b8440b0fedceaffdc450f12b3d04e97a5e73a1031e6bc11a736a5adb5e23e5588', 16249492412111, 1, 'Knowledge Base', '[]', 1, '2021-06-29 04:10:56', '2021-06-29 04:10:56', '2022-06-29 10:10:56'),
('dad82dcd6ed9ad752149727d3181fb2716ce60623ac792f1b2cf8946c1285ddaa57c6fbab82612cd', 16249427894837, 1, 'Knowledge Base', '[]', 1, '2021-06-29 04:11:11', '2021-06-29 04:11:11', '2022-06-29 10:11:11'),
('01a30aa257cd29cb019edf6c079fce6ad0026aa5ead09fdae48e341849c0219cbe99b40c64365ea7', 16249492412111, 1, 'Knowledge Base', '[]', 1, '2021-06-29 04:11:38', '2021-06-29 04:11:38', '2022-06-29 10:11:38'),
('bf5cec25537d64f6189b36f73addb0fc5183ec85dbd52083ad5cb59a47aed4fa606ec818140e4b2a', 16249492412111, 1, 'Knowledge Base', '[]', 1, '2021-06-29 04:12:08', '2021-06-29 04:12:08', '2022-06-29 10:12:08'),
('a25a15ee2e7f9530823b564eb4f053302e1e17f289c3355e0f965d203a0435b0ddb31bd8c2f5ef8b', 16249427894837, 1, 'Knowledge Base', '[]', 1, '2021-06-29 04:12:16', '2021-06-29 04:12:16', '2022-06-29 10:12:16'),
('caa15c6f59b12869058ff1241fb4c2cc7627ee6594f72aa9e76de96fc8942d47f78960ca5c4e96e2', 16249492412111, 1, 'Knowledge Base', '[]', 1, '2021-06-29 04:12:55', '2021-06-29 04:12:55', '2022-06-29 10:12:55'),
('7f09f30eb8bd8724c041d0f9158c11156bcf9ccb4aa912501696cfd29d5f6fbb332f5d00acfbc2d1', 16249492412111, 1, 'Knowledge Base', '[]', 1, '2021-06-29 04:17:06', '2021-06-29 04:17:06', '2022-06-29 10:17:06'),
('2e7fe8163c4f874cf4afde25b6f77f3ca91322ec13fb909b125909e3489172787496a11351161c52', 16249427894837, 1, 'Knowledge Base', '[]', 1, '2021-06-29 04:17:34', '2021-06-29 04:17:34', '2022-06-29 10:17:34'),
('dd6b171f9ad86534991e38ff67dcd264df9966b5755af100106385f82f49ac518df0fa6bf086d0c6', 16249492412111, 1, 'Knowledge Base', '[]', 1, '2021-06-29 04:18:44', '2021-06-29 04:18:44', '2022-06-29 10:18:44'),
('900e962d658a5f3e6bd82bca0282d348f9b7b63cce95eef271e8b7de7e116ffba2ad9c507356ca5e', 16249492412111, 1, 'Knowledge Base', '[]', 1, '2021-06-29 04:20:27', '2021-06-29 04:20:27', '2022-06-29 10:20:27'),
('6c80c9d17c72b32539035ccf781a697064c14323685d4a1faa2ea671fc859c4c3930c0f02c4879af', 16249427894837, 1, 'Knowledge Base', '[]', 1, '2021-06-29 04:21:15', '2021-06-29 04:21:15', '2022-06-29 10:21:15'),
('14f457626bc4c82f84681b7038fcd208b0114d358202b75383e7b7366aa0726562f093bb8cd878b0', 16249427894837, 1, 'Knowledge Base', '[]', 1, '2021-06-29 04:21:35', '2021-06-29 04:21:35', '2022-06-29 10:21:35'),
('3b30aeefe99c7bf935f14ac82c59ef124d75c855487fe0ece07509bf0b487893342af83ea1e91cee', 16249427894837, 1, 'Knowledge Base', '[]', 1, '2021-06-29 04:23:19', '2021-06-29 04:23:19', '2022-06-29 10:23:19'),
('e53d014e32caf2862711c46a993d2f21a0203081c59fd56a64ed0f868486f1c6e67a41440e959a10', 16249427894837, 1, 'Knowledge Base', '[]', 1, '2021-06-29 04:28:23', '2021-06-29 04:28:23', '2022-06-29 10:28:23'),
('c4e0143791792297f24a98b15b77f0d33cb1d1d4c1d9c0cc07ac3e3142d4c3a30062d5adbe720079', 16249427894837, 1, 'Knowledge Base', '[]', 1, '2021-06-29 04:29:35', '2021-06-29 04:29:35', '2022-06-29 10:29:35'),
('15142fe923105cb4345688c0232a44ce75f87953a0969c03fef7f42b5c48261f85d76ab42e96e62e', 16249492412111, 1, 'Knowledge Base', '[]', 1, '2021-06-29 04:31:02', '2021-06-29 04:31:02', '2022-06-29 10:31:02'),
('694ef161624cb4d0437e155400cf909a98ebeeb21a31a75c38bfd2857b4ae53b2bc5c369aab4664e', 16249492412111, 1, 'Knowledge Base', '[]', 1, '2021-06-29 04:42:05', '2021-06-29 04:42:05', '2022-06-29 10:42:05'),
('3c111162b60f3c47272c7f5bfd205e3df493495edc9cabdb54b88b71dd62652cfc4dc3a8f0450904', 16249492412111, 1, 'Knowledge Base', '[]', 1, '2021-06-29 04:43:28', '2021-06-29 04:43:28', '2022-06-29 10:43:28'),
('baac7b477a52f4b11ea124fcc53cdfe83d91f9de3ff14ae1807d6fb590ea6daf3140462b06daf7b8', 16249492412111, 1, 'Knowledge Base', '[]', 1, '2021-06-29 04:52:30', '2021-06-29 04:52:30', '2022-06-29 10:52:30'),
('68627befb9fc5565bcd4c7aa93ad95ac6e459bad729ece6865f955874035d0df34f2c20b4677a8e8', 16249427894837, 1, 'Knowledge Base', '[]', 1, '2021-06-29 05:22:37', '2021-06-29 05:22:37', '2022-06-29 11:22:37'),
('bc9cc8dca9843cc72971202e62f141e2fcc6b68745da282d0430478c5b5e9cc7dcadfe50b1fe14a3', 16249492412111, 1, 'Knowledge Base', '[]', 1, '2021-06-29 05:26:24', '2021-06-29 05:26:24', '2022-06-29 11:26:24'),
('74a1eea321511f5a4ab46122eb59e3a3401794a4c7928808d2f1e7c2ab5e88c0f6bd274d41eb16ea', 16249427894837, 1, 'Knowledge Base', '[]', 1, '2021-06-29 05:27:09', '2021-06-29 05:27:09', '2022-06-29 11:27:09'),
('bb991b7090295c5c1e81f2da5bd161aaa4df4e979e664e85efb4d6eaf2236bdacf56513512953c12', 16249427894837, 1, 'Knowledge Base', '[]', 1, '2021-06-29 06:22:23', '2021-06-29 06:22:23', '2022-06-29 12:22:23'),
('b54d03547260df716765538bde821936467d2ebe280fd2df497c35010c079480e8edc78bd8450290', 16249427894837, 1, 'Knowledge Base', '[]', 1, '2021-06-29 06:29:21', '2021-06-29 06:29:21', '2022-06-29 12:29:21'),
('420252209b944a059f70ff5a3e6db9ef63e2702df6ddac6b4bf5509f115722814d312359057902d1', 16249427894837, 1, 'Knowledge Base', '[]', 1, '2021-06-29 06:29:39', '2021-06-29 06:29:39', '2022-06-29 12:29:39'),
('b1e208eaecc4ace1d962397086b1f5c586d93583788e0da96bea438c86122856f2376c8a9ea6fd1d', 16249427894837, 1, 'Knowledge Base', '[]', 1, '2021-06-29 06:31:14', '2021-06-29 06:31:14', '2022-06-29 12:31:14'),
('8472d6691a22152e21bab1fad173172ba68ef73ef744715d5af4e1cf4fafecdbfe0c5c4655dc76d9', 16249427894837, 1, 'Knowledge Base', '[]', 1, '2021-06-29 06:31:43', '2021-06-29 06:31:43', '2022-06-29 12:31:43'),
('8a88d3ebc316cb97ab93bcdaa933909bf4d17fdaa13f6d0072c395de09fa6723c6456f3382dd1bdf', 16249427894837, 1, 'Knowledge Base', '[]', 0, '2021-06-29 22:13:47', '2021-06-29 22:13:47', '2022-06-30 04:13:47'),
('d56d0420acc8f0676cac7c8e2afdcee3dc890f25323c1163c252a531e5e381a9bfa6751ed669c3e8', 16249427894837, 1, 'Knowledge Base', '[]', 0, '2021-06-29 22:13:47', '2021-06-29 22:13:47', '2022-06-30 04:13:47'),
('7da04c54a1c07410a29ebca82f1b175b013cc306fc36d2db27d909eed48b77a4d2a8306fecd001ed', 16249427894837, 1, 'Knowledge Base', '[]', 1, '2021-06-29 23:00:33', '2021-06-29 23:00:33', '2022-06-30 05:00:33'),
('b9b54adf1ae95e826a3aa6cd5101563770e23c2ed7b41f8a184f836c70044a00e6fba815f6b1dc71', 16249427894837, 1, 'Knowledge Base', '[]', 1, '2021-06-29 23:02:09', '2021-06-29 23:02:09', '2022-06-30 05:02:09'),
('5a267acc14c53c718c4a7022385491691154540ea7591f04490b546b47e9c8a0ff2668eed4a46bd3', 16249427894837, 1, 'Knowledge Base', '[]', 1, '2021-06-29 23:02:56', '2021-06-29 23:02:56', '2022-06-30 05:02:56'),
('9ad612806f8519a07ef9ea2db0a8c0754717f9dedcdf2dfc69c5e9f64da26586999ad482a7b94c65', 16249427894837, 1, 'Knowledge Base', '[]', 1, '2021-06-29 23:03:30', '2021-06-29 23:03:30', '2022-06-30 05:03:30'),
('6e0d002f48da30013fc340517e5b72cffb0a187832273ac6f962b42c50e6125fb60d51971f85fe53', 16249427894837, 1, 'Knowledge Base', '[]', 1, '2021-06-29 23:06:21', '2021-06-29 23:06:21', '2022-06-30 05:06:21'),
('088d5d8133ec165f91cdd6c2b423acfa1e84aa1cf56a444db165fd74ce87a86c0a4bd3573bdc92f5', 16249427894837, 1, 'Knowledge Base', '[]', 1, '2021-06-29 23:07:01', '2021-06-29 23:07:01', '2022-06-30 05:07:01'),
('15f023fabbb2ef2a8bf42ad496308cb58792e29d0d0bd131122503253dbd39f6c6a8a0c04626c728', 16249427894837, 1, 'Knowledge Base', '[]', 1, '2021-06-29 23:10:40', '2021-06-29 23:10:40', '2022-06-30 05:10:40'),
('f18705ebc4e6fac4d3346eae7043b04fd452bee830af2833e83c4959494fe60148393a5ed79715de', 16249427894837, 1, 'Knowledge Base', '[]', 1, '2021-06-29 23:11:53', '2021-06-29 23:11:53', '2022-06-30 05:11:53'),
('0a35b9e9662aa638b40292cf42798f2db00b0d9dcbddb15157e6df0aa45a8220cf301dc70b9dea00', 16249427894837, 1, 'Knowledge Base', '[]', 1, '2021-06-29 23:12:40', '2021-06-29 23:12:40', '2022-06-30 05:12:40'),
('6c88d596e7a367df0d7762e62f027287c6eff2ad9bab79913121470c061f8ab9de326d5cb4c1010a', 16249427894837, 1, 'Knowledge Base', '[]', 1, '2021-06-29 23:13:44', '2021-06-29 23:13:44', '2022-06-30 05:13:44'),
('11e0f15ab5f1eb1612650c1a97f207840359abccf6d7afbb9f56433842ad19b1582bfadc932427f9', 16249427894837, 1, 'Knowledge Base', '[]', 1, '2021-06-29 23:19:30', '2021-06-29 23:19:30', '2022-06-30 05:19:30'),
('3713c7911da7aaaeb619cba10117d341d1a867b5786a163e8ce34840385e145615f311d741098772', 16249427894837, 1, 'Knowledge Base', '[]', 1, '2021-06-29 23:20:04', '2021-06-29 23:20:04', '2022-06-30 05:20:04'),
('186e9d1cb504fa7910854035da76d2c08ae82993feb2dc7d931862001a895910f5fd537551bf18ab', 16249427894837, 1, 'Knowledge Base', '[]', 1, '2021-06-29 23:29:57', '2021-06-29 23:29:57', '2022-06-30 05:29:57'),
('1ffc6110d853c66ee63cf2c624ae73cc0dc75def8125b7bad215c51c0ff0b7ee74c9f5dc60863681', 16249427894837, 1, 'Knowledge Base', '[]', 1, '2021-06-29 23:39:15', '2021-06-29 23:39:15', '2022-06-30 05:39:15'),
('8a7bab96270d2f061da23fcad084cd55ff633bec04947f1bda1437935d609ab95eacda4588e108b1', 16249427894837, 1, 'Knowledge Base', '[]', 1, '2021-06-29 23:40:56', '2021-06-29 23:40:56', '2022-06-30 05:40:56'),
('c8f45ad3ba8757ee95ba9dc102ea87e0464beeb3ffedf453dccb50e1fd74303e0afcbddc0c3842d3', 16249427894837, 1, 'Knowledge Base', '[]', 1, '2021-06-29 23:42:45', '2021-06-29 23:42:45', '2022-06-30 05:42:45'),
('feedeb59328c58eac11365920cb86082cd9fbb44fec28795572a1b95763aaeab3fb447e99c77a2db', 16249427894837, 1, 'Knowledge Base', '[]', 1, '2021-06-29 23:43:44', '2021-06-29 23:43:44', '2022-06-30 05:43:44'),
('57bed0c2013902f865d9e00bdde9a39efd54f817ae45296bf426157b3424a3147605355543daf0ea', 16249427894837, 1, 'Knowledge Base', '[]', 1, '2021-06-29 23:47:36', '2021-06-29 23:47:36', '2022-06-30 05:47:36'),
('9195be6de6c6a5e0e5aac4130fc284f250678447c10930de7ec6282c7f6ef334d62eddb7b0ce3c34', 16249427894837, 1, 'Knowledge Base', '[]', 1, '2021-06-29 23:51:18', '2021-06-29 23:51:18', '2022-06-30 05:51:18'),
('0310a3afffa01eedd3d040b6b14004b2c1573bde1400edae407582ba5a4828a84202d31074ef68d5', 16249427894837, 1, 'Knowledge Base', '[]', 1, '2021-06-30 00:24:37', '2021-06-30 00:24:37', '2022-06-30 06:24:37'),
('bc21131d251e36769a1e1e988c73284cdcea75d2484b9be5682f103062e0c48405bfc3de12703e87', 16249427894837, 1, 'Knowledge Base', '[]', 0, '2021-06-30 00:25:44', '2021-06-30 00:25:44', '2022-06-30 06:25:44'),
('0f93d07ec8b010b176a0139364d2f9567f9593225f0b8b361fcd991f771b32c43152a42ed4e8dd72', 16249427894837, 1, 'Knowledge Base', '[]', 1, '2021-06-30 00:37:11', '2021-06-30 00:37:11', '2022-06-30 06:37:11'),
('0591acca829477270a03feef79fa509c029070ba701a9b61fd31be1ffec6096663114a1a82a46fc8', 16249427894837, 1, 'Knowledge Base', '[]', 1, '2021-06-30 00:46:10', '2021-06-30 00:46:10', '2022-06-30 06:46:10'),
('971b1fd38fac5e6be1ae4de3462c6b47ce4469fc0f3346b1fbac987697f50ed65415213203d66984', 16249427894837, 1, 'Knowledge Base', '[]', 1, '2021-06-30 00:56:07', '2021-06-30 00:56:07', '2022-06-30 06:56:07'),
('5fc80df2fe8d6d764bf7d05f22df269747036e81322927cf0b6b49f6ca34b1826e72d085143542ee', 16249427894837, 1, 'Knowledge Base', '[]', 1, '2021-06-30 02:12:06', '2021-06-30 02:12:06', '2022-06-30 08:12:06'),
('4e254e597df52b620807de4b50138f34eb62fbdc36784e0524ac976117500643b20c57e7cd8f5b87', 16249427894837, 1, 'Knowledge Base', '[]', 1, '2021-06-30 02:16:45', '2021-06-30 02:16:45', '2022-06-30 08:16:45'),
('c42afcd19768800525e1682ed66ead52161f7d6cd09b8a87cf3046bd5d1c03d2ede44402afead3b1', 16249427894837, 1, 'Knowledge Base', '[]', 1, '2021-06-30 02:17:34', '2021-06-30 02:17:34', '2022-06-30 08:17:34'),
('b52f6d74f4e7a56bdabb77092cc535ee702701f6d1539144a1f51ba6a5c0db45f70ec2ee28b15a4b', 16249427894837, 1, 'Knowledge Base', '[]', 1, '2021-06-30 02:19:07', '2021-06-30 02:19:07', '2022-06-30 08:19:07'),
('b628416d6e813c1e0601b056a964b790a4782d45f70d59b1ddb2d2a7ee011b10b380cea36085d651', 16249427894837, 1, 'Knowledge Base', '[]', 1, '2021-06-30 02:20:05', '2021-06-30 02:20:05', '2022-06-30 08:20:05'),
('1fba57ed9f1daddd3d1190daf53c239a2c849f4281e2fb1f2cd4171b0afc3e3874133c614d954793', 16249427894837, 1, 'Knowledge Base', '[]', 1, '2021-06-30 02:21:20', '2021-06-30 02:21:20', '2022-06-30 08:21:20'),
('bd3f65981b7900b7f03d1717764fb2a7d6bf8b0341523c2319805267e7305e85f0e3b418076d0934', 16249427894837, 1, 'Knowledge Base', '[]', 1, '2021-06-30 02:22:23', '2021-06-30 02:22:23', '2022-06-30 08:22:23'),
('e2af40ae4f0b5313ead24a81dd8a08f5ec9111813a1be7a2aac493e180092fa1bcc8ce596bae3e08', 16249427894837, 1, 'Knowledge Base', '[]', 1, '2021-06-30 02:22:58', '2021-06-30 02:22:58', '2022-06-30 08:22:58'),
('08da5ff9b4f4af47bddf5fac25247d17ecb5756125d5888b2142ab457d6ed454cda354bbc3a85a0c', 16249427894837, 1, 'Knowledge Base', '[]', 1, '2021-06-30 02:33:59', '2021-06-30 02:33:59', '2022-06-30 08:33:59'),
('4dda1c429a9a82c5d9bc322c2f3d972e4f97ab42959207df781586cbf119265aa64080571392978b', 16249427894837, 1, 'Knowledge Base', '[]', 1, '2021-06-30 02:34:44', '2021-06-30 02:34:44', '2022-06-30 08:34:44'),
('53b86b2a1ddb928374df7a5457fa275b6f489d8422db3b43715c4e673b2a30f664e25b99a1aa8371', 16249427894837, 1, 'Knowledge Base', '[]', 1, '2021-06-30 02:35:58', '2021-06-30 02:35:58', '2022-06-30 08:35:58'),
('bd3c4f979f2c04108bb9d5216fb62fb9cbd875248d38aca43942c8a02e1d7f798ead31ba36897d90', 16249427894837, 1, 'Knowledge Base', '[]', 1, '2021-06-30 02:36:49', '2021-06-30 02:36:49', '2022-06-30 08:36:49'),
('db02f6a6d5d5d47c7fb41aaa329ddd6fba6e28468f70661f2e22372ab72e5966e56194cbd494e632', 16249427894837, 1, 'Knowledge Base', '[]', 1, '2021-06-30 02:39:22', '2021-06-30 02:39:22', '2022-06-30 08:39:22'),
('9481358f840533318f1c88620918c78050129710858b3290629cbe25fefa19192d682cb086654137', 16249427894837, 1, 'Knowledge Base', '[]', 1, '2021-06-30 02:42:32', '2021-06-30 02:42:32', '2022-06-30 08:42:32'),
('f8f37525969a92a9d108bb96d6758bd966db6720d14b44a550981eb9711ca5c7a23f743e69b776bb', 16249427894837, 1, 'Knowledge Base', '[]', 1, '2021-06-30 02:43:02', '2021-06-30 02:43:02', '2022-06-30 08:43:02'),
('c007e66e4695a691ebb573a588c078c54500df5b418969a122f04271ab595a246fef69a61ac9e694', 16249427894837, 1, 'Knowledge Base', '[]', 0, '2021-06-30 03:42:29', '2021-06-30 03:42:29', '2022-06-30 09:42:29'),
('3ae79159c3761ab2e8140c2f210f44e2dde3a4500583c08f6ce412c270cfe0442c47b677ce2bf220', 16249427894837, 1, 'Knowledge Base', '[]', 1, '2021-06-30 23:24:50', '2021-06-30 23:24:50', '2022-07-01 05:24:50'),
('49f62e195995f31d01ee0946524d37ec2eb8552b345474baa0bf73c0876fb21a356b0eadcadb42d3', 16249427894837, 1, 'Knowledge Base', '[]', 1, '2021-07-01 00:24:06', '2021-07-01 00:24:06', '2022-07-01 06:24:06'),
('09a74b60d6fe1c01c3ac1b5c924bfb396692e77c97ba6cf42da3f8bd52faf1bc9d766fadf0285511', 16249427894837, 1, 'Knowledge Base', '[]', 1, '2021-07-01 02:14:29', '2021-07-01 02:14:29', '2022-07-01 08:14:29'),
('422cfab1b1871a9077a130d34262e2c2bc6cae74bb4d885bb704f47d30e509ebb94c88c596b41690', 16249427894837, 1, 'Knowledge Base', '[]', 0, '2021-07-01 02:17:18', '2021-07-01 02:17:18', '2022-07-01 08:17:18'),
('90b390980e019abfac09a685ae56fd42a0d4ac8d263edf074501b6888ba6760bd6f540c8fe6aa816', 16249427894837, 1, 'Knowledge Base', '[]', 0, '2021-12-21 02:49:19', '2021-12-21 02:49:19', '2022-12-21 08:49:19'),
('0798a0c1c1a0640b9cd43265932c2cf02e6cca437b6e2fdb4a51aa21fce76f602dde5bd2db0de7ad', 16249427894837, 1, 'Knowledge Base', '[]', 0, '2022-02-09 05:11:55', '2022-02-09 05:11:55', '2023-02-09 11:11:55'),
('6a075d97f89c3feb37a678f931d359cd5e0ccc8e94af4d0ffe68d1ab743ca6288dad3049236c20eb', 16249427894837, 1, 'Knowledge Base', '[]', 1, '2022-02-24 03:45:17', '2022-02-24 03:45:17', '2023-02-24 09:45:17'),
('db251ef73c4e93e9bacc7a8f67c6ed3711355a190255072ec42df2e037c7630974630968a98e710c', 16249427894837, 1, 'Knowledge Base System', '[]', 1, '2022-02-27 03:38:31', '2022-02-27 03:38:31', '2023-02-27 09:38:31'),
('53e8dffeaf59ef016700e4e6fdbb5df450f7c3a9c8e126e5baefba0894d79bac4a0616a2ebff33db', 16249427894837, 1, 'Knowledge Base System', '[]', 0, '2022-02-27 03:42:15', '2022-02-27 03:42:15', '2023-02-27 09:42:15'),
('a8bab9d4356a708dd8254ed1d025070ecc1b810d990501bfd38842bc3a945ade558daae6cbe27c51', 164015267815671, 1, 'Knowledge Base System', '[]', 1, '2022-02-27 03:46:55', '2022-02-27 03:46:55', '2023-02-27 09:46:55'),
('894163b4d01d06b3b5779d75228423a6316d59349868a5675bc0e5222093cd7d8778550360ec536c', 164015267815671, 1, 'Knowledge Base System', '[]', 0, '2022-02-27 16:00:06', '2022-02-27 16:00:06', '2023-02-27 22:00:06'),
('239dedfe1d1aa6311f514d52df1b839585ceb4c806409eac18fe9fa0bc8381bae88d9eb7130cf979', 164015267815671, 1, 'Knowledge Base System', '[]', 1, '2022-04-02 21:56:34', '2022-04-02 21:56:34', '2023-04-03 03:56:34'),
('f6d5dade5ccb57b1c54ed4e0e75af5a672c6266697f58a03a993ff7844d0194c0bee19b5601536c6', 164015267815671, 1, 'Knowledge Base System', '[]', 1, '2022-04-16 23:33:31', '2022-04-16 23:33:31', '2023-04-17 05:33:31'),
('44f039528a8bfef2b5f6847ec2a282e6ffdc758744e94aa4c550ae0e2c5fd4ec068ded1d60ed48ec', 164015267815671, 1, 'Knowledge Base System', '[]', 1, '2022-04-17 23:21:00', '2022-04-17 23:21:00', '2023-04-18 05:21:00'),
('701a085ad8778bcc26b4b88bec707764083656882bd6dfa4fd40571edd7f5cf53bb69f91944685c4', 164015267815671, 1, 'Knowledge Base System', '[]', 1, '2022-04-19 21:45:52', '2022-04-19 21:45:52', '2023-04-20 03:45:52'),
('cb8cc0ce0a8d4d8e059461b377f32b07071e5d455fb860f9686af1160e1b3cdeebde69e1fe3ea49a', 164015267815671, 1, 'Knowledge Base System', '[]', 1, '2022-04-19 21:47:14', '2022-04-19 21:47:14', '2023-04-20 03:47:14'),
('ea8bf07bfdd971760b880517bd66ddbdecdb33e337ee73e353e28578d6e3dbf5fd402684072162ba', 164015267815671, 1, 'Knowledge Base System', '[]', 0, '2022-04-20 02:38:53', '2022-04-20 02:38:53', '2023-04-20 08:38:53'),
('3616e29f74f4406d9739dafd9f9acf0af6979558a0f9e0035364cf74e5d7b19881d07de19d88f68b', 164015267815671, 1, 'Knowledge Base System', '[]', 1, '2022-04-20 23:49:53', '2022-04-20 23:49:53', '2023-04-21 05:49:53'),
('07f1bc36957e71f2c07068cf8ddffca99af48aa080cfd6a3f36126c24439b1314ff98326cd30dc03', 164015267815671, 1, 'Knowledge Base System', '[]', 0, '2022-04-24 02:06:53', '2022-04-24 02:06:53', '2023-04-24 08:06:53'),
('eca1612ce170e01505d6f7d9bbd8a03b6d10fe8a1407316431be3fb15c0fd5b19f85426d24805017', 164015267815671, 3, 'Knowledge Base System', '[]', 0, '2022-06-02 00:58:13', '2022-06-02 00:58:13', '2023-06-02 06:58:13'),
('5aa68a52c342e592467e0cb38c685f71182c88a2e1936f309ebff3746ef22b9d31103d4519a84253', 164015267815671, 5, 'Knowledge Base System', '[]', 0, '2022-08-01 22:06:15', '2022-08-01 22:06:15', '2023-08-02 04:06:15');

-- --------------------------------------------------------

--
-- Table structure for table `oauth_auth_codes`
--

CREATE TABLE `oauth_auth_codes` (
  `id` varchar(100) COLLATE utf8mb4_unicode_ci NOT NULL,
  `user_id` bigint(20) UNSIGNED NOT NULL,
  `client_id` bigint(20) UNSIGNED NOT NULL,
  `scopes` text COLLATE utf8mb4_unicode_ci DEFAULT NULL,
  `revoked` tinyint(1) NOT NULL,
  `expires_at` datetime DEFAULT NULL
) ENGINE=MyISAM DEFAULT CHARSET=utf8mb4 COLLATE=utf8mb4_unicode_ci;

-- --------------------------------------------------------

--
-- Table structure for table `oauth_clients`
--

CREATE TABLE `oauth_clients` (
  `id` bigint(20) UNSIGNED NOT NULL,
  `user_id` bigint(20) UNSIGNED DEFAULT NULL,
  `name` varchar(191) COLLATE utf8mb4_unicode_ci NOT NULL,
  `secret` varchar(100) COLLATE utf8mb4_unicode_ci DEFAULT NULL,
  `provider` varchar(191) COLLATE utf8mb4_unicode_ci DEFAULT NULL,
  `redirect` text COLLATE utf8mb4_unicode_ci NOT NULL,
  `personal_access_client` tinyint(1) NOT NULL,
  `password_client` tinyint(1) NOT NULL,
  `revoked` tinyint(1) NOT NULL,
  `created_at` timestamp NULL DEFAULT NULL,
  `updated_at` timestamp NULL DEFAULT NULL
) ENGINE=MyISAM DEFAULT CHARSET=utf8mb4 COLLATE=utf8mb4_unicode_ci;

--
-- Dumping data for table `oauth_clients`
--

INSERT INTO `oauth_clients` (`id`, `user_id`, `name`, `secret`, `provider`, `redirect`, `personal_access_client`, `password_client`, `revoked`, `created_at`, `updated_at`) VALUES
(1, NULL, 'KBS Personal Access Client', 'AjXaOCNuvuBWUGzjz3EY1OBqw0fo8ySsTdpln88q', NULL, 'http://localhost', 1, 0, 0, '2021-06-28 23:00:03', '2021-06-28 23:00:03'),
(2, NULL, 'KBS Password Grant Client', 'xVN1PxNIJalGJtEAFiYMVFxsZ9YCS9930oPAu5to', 'users', 'http://localhost', 0, 1, 0, '2021-06-28 23:00:03', '2021-06-28 23:00:03'),
(3, NULL, 'Laravel Personal Access Client', 'voy0pCgJvTrXVbHGrYpmFMv7cv1T7i3XoT7Qo3KG', NULL, 'http://localhost', 1, 0, 0, '2022-06-02 00:57:18', '2022-06-02 00:57:18'),
(4, NULL, 'Laravel Password Grant Client', 'ZxQHTVxdO7AAZFjvbBftSmY9KBqLmVOIHmj5WElI', 'users', 'http://localhost', 0, 1, 0, '2022-06-02 00:57:18', '2022-06-02 00:57:18'),
(5, NULL, 'Laravel Personal Access Client', 'L9Ltm4VPNBhAB4etnwZ1q8aZqT0PLDolAPhzijvx', NULL, 'http://localhost', 1, 0, 0, '2022-08-01 22:05:50', '2022-08-01 22:05:50'),
(6, NULL, 'Laravel Password Grant Client', 'gb9Vyo19rVYae6JRd1rsBilzxvQTm9Lwi2AdH5GQ', 'users', 'http://localhost', 0, 1, 0, '2022-08-01 22:05:50', '2022-08-01 22:05:50');

-- --------------------------------------------------------

--
-- Table structure for table `oauth_personal_access_clients`
--

CREATE TABLE `oauth_personal_access_clients` (
  `id` bigint(20) UNSIGNED NOT NULL,
  `client_id` bigint(20) UNSIGNED NOT NULL,
  `created_at` timestamp NULL DEFAULT NULL,
  `updated_at` timestamp NULL DEFAULT NULL
) ENGINE=MyISAM DEFAULT CHARSET=utf8mb4 COLLATE=utf8mb4_unicode_ci;

--
-- Dumping data for table `oauth_personal_access_clients`
--

INSERT INTO `oauth_personal_access_clients` (`id`, `client_id`, `created_at`, `updated_at`) VALUES
(1, 1, '2021-06-28 23:00:03', '2021-06-28 23:00:03'),
(2, 3, '2022-06-02 00:57:18', '2022-06-02 00:57:18'),
(3, 5, '2022-08-01 22:05:50', '2022-08-01 22:05:50');

-- --------------------------------------------------------

--
-- Table structure for table `oauth_refresh_tokens`
--

CREATE TABLE `oauth_refresh_tokens` (
  `id` varchar(100) COLLATE utf8mb4_unicode_ci NOT NULL,
  `access_token_id` varchar(100) COLLATE utf8mb4_unicode_ci NOT NULL,
  `revoked` tinyint(1) NOT NULL,
  `expires_at` datetime DEFAULT NULL
) ENGINE=MyISAM DEFAULT CHARSET=utf8mb4 COLLATE=utf8mb4_unicode_ci;

-- --------------------------------------------------------

--
-- Table structure for table `pages`
--

CREATE TABLE `pages` (
  `id` char(36) COLLATE utf8mb4_unicode_ci NOT NULL,
  `logo` text COLLATE utf8mb4_unicode_ci DEFAULT NULL,
  `position` enum('left','right','center') COLLATE utf8mb4_unicode_ci NOT NULL DEFAULT 'left',
  `title` varchar(191) COLLATE utf8mb4_unicode_ci NOT NULL,
  `banner` text COLLATE utf8mb4_unicode_ci DEFAULT NULL,
  `description` blob NOT NULL,
  `created_at` timestamp NULL DEFAULT NULL,
  `updated_at` timestamp NULL DEFAULT NULL
) ENGINE=MyISAM DEFAULT CHARSET=utf8mb4 COLLATE=utf8mb4_unicode_ci;

--
-- Dumping data for table `pages`
--

INSERT INTO `pages` (`id`, `logo`, `position`, `title`, `banner`, `description`, `created_at`, `updated_at`) VALUES
('623576783', NULL, 'left', 'Page Title', '', 0x73686f72742073756d6d617279, '2022-06-22 03:23:56', '2022-06-28 22:03:43'),
('7215357', 'dfhh', 'left', 'wuegrgjs', NULL, 0x6864666b67756577766a6864666f, '2022-06-16 04:38:55', '2022-06-23 04:38:55'),
('721535723', 'tEST', 'left', 'test title ', NULL, 0x73756d6d61727920, '2022-06-16 04:38:55', '2022-06-23 04:38:55');

-- --------------------------------------------------------

--
-- Table structure for table `password_resets`
--

CREATE TABLE `password_resets` (
  `email` varchar(191) COLLATE utf8mb4_unicode_ci NOT NULL,
  `token` varchar(191) COLLATE utf8mb4_unicode_ci NOT NULL,
  `created_at` timestamp NULL DEFAULT NULL
) ENGINE=MyISAM DEFAULT CHARSET=utf8mb4 COLLATE=utf8mb4_unicode_ci;

-- --------------------------------------------------------

--
-- Table structure for table `permissions`
--

CREATE TABLE `permissions` (
  `id` bigint(20) UNSIGNED NOT NULL,
  `name` varchar(191) COLLATE utf8mb4_unicode_ci NOT NULL,
  `slug` varchar(191) COLLATE utf8mb4_unicode_ci NOT NULL,
  `created_at` timestamp NULL DEFAULT NULL,
  `updated_at` timestamp NULL DEFAULT NULL
) ENGINE=MyISAM DEFAULT CHARSET=utf8mb4 COLLATE=utf8mb4_unicode_ci;

--
-- Dumping data for table `permissions`
--

INSERT INTO `permissions` (`id`, `name`, `slug`, `created_at`, `updated_at`) VALUES
(1, 'Admin Panel', 'admin-panel', '2022-02-27 03:45:01', '2022-02-27 03:45:01'),
(2, 'Article List', 'article-list', '2022-02-27 03:45:01', '2022-02-27 03:45:01'),
(3, 'Article Create', 'article-create', '2022-02-27 03:45:01', '2022-02-27 03:45:01'),
(4, 'Article Edit', 'article-edit', '2022-02-27 03:45:01', '2022-02-27 03:45:01'),
(5, 'Article Delete', 'article-delete', '2022-02-27 03:45:01', '2022-02-27 03:45:01'),
(6, 'Banner Create', 'banner-create', '2022-02-27 03:45:01', '2022-02-27 03:45:01'),
(7, 'Banner List', 'banner-list', '2022-02-27 03:45:01', '2022-02-27 03:45:01'),
(8, 'Banner Edit', 'banner-edit', '2022-02-27 03:45:01', '2022-02-27 03:45:01'),
(9, 'Banner Delete', 'banner-delete', '2022-02-27 03:45:01', '2022-02-27 03:45:01'),
(10, 'Category List', 'category-list', '2022-02-27 03:45:01', '2022-02-27 03:45:01'),
(11, 'Category Create', 'category-create', '2022-02-27 03:45:01', '2022-02-27 03:45:01'),
(12, 'Category Edit', 'category-edit', '2022-02-27 03:45:01', '2022-02-27 03:45:01'),
(13, 'Category Delete', 'category-delete', '2022-02-27 03:45:01', '2022-02-27 03:45:01'),
(14, 'Comment Create', 'comment-create', '2022-02-27 03:45:01', '2022-02-27 03:45:01'),
(15, 'Comment List', 'comment-list', '2022-02-27 03:45:01', '2022-02-27 03:45:01'),
(16, 'Comment Edit', 'comment-edit', '2022-02-27 03:45:01', '2022-02-27 03:45:01'),
(17, 'Comment Delete', 'comment-delete', '2022-02-27 03:45:01', '2022-02-27 03:45:01'),
(18, 'Email List', 'email-list', '2022-02-27 03:45:01', '2022-02-27 03:45:01'),
(19, 'Email Create', 'email-create', '2022-02-27 03:45:01', '2022-02-27 03:45:01'),
(20, 'Email Edit', 'email-edit', '2022-02-27 03:45:01', '2022-02-27 03:45:01'),
(21, 'Email Delete', 'email-delete', '2022-02-27 03:45:01', '2022-02-27 03:45:01'),
(22, 'Faq List', 'faq-list', '2022-02-27 03:45:01', '2022-02-27 03:45:01'),
(23, 'Faq Create', 'faq-create', '2022-02-27 03:45:01', '2022-02-27 03:45:01'),
(24, 'Faq Edit', 'faq-edit', '2022-02-27 03:45:01', '2022-02-27 03:45:01'),
(25, 'Faq Delete', 'faq-delete', '2022-02-27 03:45:01', '2022-02-27 03:45:01'),
(26, 'Group List', 'group-list', '2022-02-27 03:45:01', '2022-02-27 03:45:01'),
(27, 'Group Create', 'group-create', '2022-02-27 03:45:01', '2022-02-27 03:45:01'),
(28, 'Group Edit', 'group-edit', '2022-02-27 03:45:01', '2022-02-27 03:45:01'),
(29, 'Group Delete', 'group-delete', '2022-02-27 03:45:01', '2022-02-27 03:45:01'),
(30, 'History List', 'history-list', '2022-02-27 03:45:01', '2022-02-27 03:45:01'),
(31, 'Notification List', 'notification-list', '2022-02-27 03:45:01', '2022-02-27 03:45:01'),
(32, 'Notification Create', 'notification-create', '2022-02-27 03:45:01', '2022-02-27 03:45:01'),
(33, 'Notification Edit', 'notification-edit', '2022-02-27 03:45:01', '2022-02-27 03:45:01'),
(34, 'Notification Delete', 'notification-delete', '2022-02-27 03:45:01', '2022-02-27 03:45:01'),
(35, 'Page List', 'page-list', '2022-02-27 03:45:01', '2022-02-27 03:45:01'),
(36, 'Page Create', 'page-create', '2022-02-27 03:45:01', '2022-02-27 03:45:01'),
(37, 'Page Edit', 'page-edit', '2022-02-27 03:45:01', '2022-02-27 03:45:01'),
(38, 'Page Delete', 'page-delete', '2022-02-27 03:45:01', '2022-02-27 03:45:01'),
(39, 'Permission List', 'permission-list', '2022-02-27 03:45:01', '2022-02-27 03:45:01'),
(40, 'Permission Create', 'permission-create', '2022-02-27 03:45:01', '2022-02-27 03:45:01'),
(41, 'Permission Edit', 'permission-edit', '2022-02-27 03:45:01', '2022-02-27 03:45:01'),
(42, 'Permission Delete', 'permission-delete', '2022-02-27 03:45:01', '2022-02-27 03:45:01'),
(43, 'Quiz List', 'quiz-list', '2022-02-27 03:45:01', '2022-02-27 03:45:01'),
(44, 'Quiz Create', 'quiz-create', '2022-02-27 03:45:01', '2022-02-27 03:45:01'),
(45, 'Quiz Edit', 'quiz-edit', '2022-02-27 03:45:01', '2022-02-27 03:45:01'),
(46, 'Quiz Delete', 'quiz-delete', '2022-02-27 03:45:01', '2022-02-27 03:45:01'),
(47, 'Quiz Form List', 'quiz-form-list', '2022-02-27 03:45:01', '2022-02-27 03:45:01'),
(48, 'Quiz Form Create', 'quiz-form-create', '2022-02-27 03:45:01', '2022-02-27 03:45:01'),
(49, 'Quiz Form Edit', 'quiz-form-edit', '2022-02-27 03:45:01', '2022-02-27 03:45:01'),
(50, 'Quiz Form Delete', 'quiz-form-delete', '2022-02-27 03:45:01', '2022-02-27 03:45:01'),
(51, 'Quiz Form Field List', 'quiz-form-field-list', '2022-02-27 03:45:01', '2022-02-27 03:45:01'),
(52, 'Quiz Form Field Create', 'quiz-form-field-create', '2022-02-27 03:45:01', '2022-02-27 03:45:01'),
(53, 'Quiz Form Field Edit', 'quiz-form-field-edit', '2022-02-27 03:45:01', '2022-02-27 03:45:01'),
(54, 'Quiz Form Field Delete', 'quiz-form-field-delete', '2022-02-27 03:45:01', '2022-02-27 03:45:01'),
(55, 'Result List', 'result-list', '2022-02-27 03:45:01', '2022-02-27 03:45:01'),
(56, 'Result Create', 'result-create', '2022-02-27 03:45:01', '2022-02-27 03:45:01'),
(57, 'Result Edit', 'result-edit', '2022-02-27 03:45:01', '2022-02-27 03:45:01'),
(58, 'Result Delete', 'result-delete', '2022-02-27 03:45:01', '2022-02-27 03:45:01'),
(59, 'Role List', 'role-list', '2022-02-27 03:45:01', '2022-02-27 03:45:01'),
(60, 'Role Create', 'role-create', '2022-02-27 03:45:01', '2022-02-27 03:45:01'),
(61, 'Role Edit', 'role-edit', '2022-02-27 03:45:01', '2022-02-27 03:45:01'),
(62, 'Role Delete', 'role-delete', '2022-02-27 03:45:01', '2022-02-27 03:45:01'),
(63, 'User Panel', 'user-panel', '2022-02-27 03:45:01', '2022-02-27 03:45:01'),
(64, 'User List', 'user-list', '2022-02-27 03:45:01', '2022-02-27 03:45:01'),
(65, 'User Create', 'user-create', '2022-02-27 03:45:01', '2022-02-27 03:45:01'),
(66, 'User Edit', 'user-edit', '2022-02-27 03:45:01', '2022-02-27 03:45:01'),
(67, 'User Delete', 'user-delete', '2022-02-27 03:45:01', '2022-02-27 03:45:01'),
(69, 'Menu List', 'menu-list', '2022-04-20 07:11:59', '2022-04-20 07:11:59'),
(70, 'Menu Create', 'menu-create', '2022-04-20 07:11:59', '2022-04-20 07:11:59'),
(71, 'Menu Edit', 'menu-edit', '2022-04-20 07:11:59', '2022-04-20 07:11:59'),
(72, 'Menu Delete', 'menu-delete', '2022-04-20 07:11:59', '2022-04-20 07:11:59');

-- --------------------------------------------------------

--
-- Table structure for table `quizzes`
--

CREATE TABLE `quizzes` (
  `id` char(36) COLLATE utf8mb4_unicode_ci NOT NULL,
  `article_id` char(36) COLLATE utf8mb4_unicode_ci DEFAULT NULL,
  `quiz_form_id` char(36) COLLATE utf8mb4_unicode_ci NOT NULL,
  `name` varchar(191) COLLATE utf8mb4_unicode_ci NOT NULL,
  `slug` varchar(191) COLLATE utf8mb4_unicode_ci NOT NULL,
  `duration` varchar(10) COLLATE utf8mb4_unicode_ci NOT NULL,
  `total_marks` decimal(10,2) NOT NULL,
  `number_of_questions` int(11) NOT NULL,
  `status` tinyint(4) NOT NULL,
  `role_id` varchar(191) COLLATE utf8mb4_unicode_ci NOT NULL,
  `created_at` timestamp NULL DEFAULT NULL,
  `updated_at` timestamp NULL DEFAULT NULL,
  `start_date` date DEFAULT NULL,
  `end_date` date DEFAULT NULL
) ENGINE=MyISAM DEFAULT CHARSET=utf8mb4 COLLATE=utf8mb4_unicode_ci;

--
-- Dumping data for table `quizzes`
--

INSERT INTO `quizzes` (`id`, `article_id`, `quiz_form_id`, `name`, `slug`, `duration`, `total_marks`, `number_of_questions`, `status`, `role_id`, `created_at`, `updated_at`, `start_date`, `end_date`) VALUES
('16249569054691', '16249522311280/jhkjh-1010osx8q1gZLan', '16249545835665', 'test', 'test', '1', '1.00', 2, 1, '0,5,4,3,2,1', '2021-06-29 02:55:05', '2021-12-22 01:15:06', '2021-07-01', '2022-05-26'),
('16459386487836', '164015267815671/fghfh', '16249545835665', 'Demo Quiz', 'demo-quiz', '1', '10.00', 2, 1, '0,5,4,3,2,1', '2022-02-26 23:10:48', '2022-06-15 22:57:25', '2022-02-27', '2022-05-27');

-- --------------------------------------------------------

--
-- Table structure for table `quiz_forms`
--

CREATE TABLE `quiz_forms` (
  `id` char(36) COLLATE utf8mb4_unicode_ci NOT NULL,
  `name` varchar(191) COLLATE utf8mb4_unicode_ci NOT NULL,
  `slug` varchar(191) COLLATE utf8mb4_unicode_ci NOT NULL,
  `created_at` timestamp NULL DEFAULT NULL,
  `updated_at` timestamp NULL DEFAULT NULL
) ENGINE=MyISAM DEFAULT CHARSET=utf8mb4 COLLATE=utf8mb4_unicode_ci;

--
-- Dumping data for table `quiz_forms`
--

INSERT INTO `quiz_forms` (`id`, `name`, `slug`, `created_at`, `updated_at`) VALUES
('16249545835665', 'Quiz001', 'quiz001', '2021-06-29 02:16:23', '2021-06-29 02:16:23');

-- --------------------------------------------------------

--
-- Table structure for table `quiz_form_fields`
--

CREATE TABLE `quiz_form_fields` (
  `id` char(36) COLLATE utf8mb4_unicode_ci NOT NULL,
  `quiz_form_id` char(36) COLLATE utf8mb4_unicode_ci NOT NULL,
  `f_label` varchar(191) COLLATE utf8mb4_unicode_ci NOT NULL,
  `f_name` varchar(191) COLLATE utf8mb4_unicode_ci NOT NULL,
  `f_id` varchar(191) COLLATE utf8mb4_unicode_ci NOT NULL,
  `f_class` varchar(191) COLLATE utf8mb4_unicode_ci NOT NULL,
  `f_type` enum('Text','Email','Password','Number','Textarea','Radio','Checkbox','Select/Dropdown') COLLATE utf8mb4_unicode_ci NOT NULL,
  `f_option_value` text COLLATE utf8mb4_unicode_ci DEFAULT NULL,
  `f_default_value` varchar(191) COLLATE utf8mb4_unicode_ci DEFAULT NULL,
  `f_max_value` int(11) DEFAULT NULL,
  `f_sort_order` int(11) DEFAULT NULL,
  `f_required` enum('1','0') COLLATE utf8mb4_unicode_ci DEFAULT NULL,
  `created_at` timestamp NULL DEFAULT NULL,
  `updated_at` timestamp NULL DEFAULT NULL
) ENGINE=MyISAM DEFAULT CHARSET=utf8mb4 COLLATE=utf8mb4_unicode_ci;

--
-- Dumping data for table `quiz_form_fields`
--

INSERT INTO `quiz_form_fields` (`id`, `quiz_form_id`, `f_label`, `f_name`, `f_id`, `f_class`, `f_type`, `f_option_value`, `f_default_value`, `f_max_value`, `f_sort_order`, `f_required`, `created_at`, `updated_at`) VALUES
('16249550767318', '16249545835665', 'Are you human?', 'test1', 'test1', 'test1', 'Radio', 'true,false', 'true', NULL, NULL, '1', '2021-06-29 02:24:36', '2021-06-29 02:24:36'),
('16249551068807', '16249545835665', 'Are you 18+?', 'tak002', 'tak002', 'tak002', 'Radio', 'yes,no,very good,lol', 'yes', NULL, NULL, '1', '2021-06-29 02:25:06', '2021-06-29 02:49:23');

-- --------------------------------------------------------

--
-- Table structure for table `quiz_results`
--

CREATE TABLE `quiz_results` (
  `id` bigint(20) UNSIGNED NOT NULL,
  `quiz_id` char(36) COLLATE utf8mb4_unicode_ci NOT NULL,
  `user_id` char(36) COLLATE utf8mb4_unicode_ci DEFAULT NULL,
  `attempt` int(11) NOT NULL,
  `score` double(8,2) DEFAULT NULL,
  `status` varchar(191) COLLATE utf8mb4_unicode_ci NOT NULL,
  `created_at` timestamp NULL DEFAULT NULL,
  `updated_at` timestamp NULL DEFAULT NULL
) ENGINE=MyISAM DEFAULT CHARSET=utf8mb4 COLLATE=utf8mb4_unicode_ci;

--
-- Dumping data for table `quiz_results`
--

INSERT INTO `quiz_results` (`id`, `quiz_id`, `user_id`, `attempt`, `score`, `status`, `created_at`, `updated_at`) VALUES
(16402538278802, '16249569054691', '5E-DA-AC-EC-9A-64', 1, 1.00, '1', '2021-12-23 04:03:47', '2021-12-23 04:03:47'),
(16456930123760, '16249569054691', '5E-DA-AC-EC-9A-64', 2, 0.50, '1', '2022-02-24 02:56:52', '2022-02-24 02:56:52'),
(16459349618026, '16249569054691', '5E-DA-AC-EC-9A-64', 3, 0.50, '1', '2022-02-26 22:09:21', '2022-02-26 22:09:21'),
(16459386631125, '16459386487836', '5E-DA-AC-EC-9A-64', 1, 10.00, '1', '2022-02-26 23:11:03', '2022-02-26 23:11:03'),
(16459507248194, '16459386487836', '5E-DA-AC-EC-9A-64', 2, 0.00, '0', '2022-02-27 02:32:04', '2022-02-27 02:32:04'),
(16459508232090, '16459386487836', '5E-DA-AC-EC-9A-64', 3, 0.00, '0', '2022-02-27 02:33:43', '2022-02-27 02:33:43'),
(16459522082405, '16459386487836', '5E-DA-AC-EC-9A-64', 4, 0.00, '0', '2022-02-27 02:56:48', '2022-02-27 02:56:48'),
(16459534741149, '16249569054691', '5E-DA-AC-EC-9A-64', 4, 1.00, '1', '2022-02-27 03:17:54', '2022-02-27 03:17:54'),
(16459553001214, '16459386487836', '5E-DA-AC-EC-9A-64', 5, 5.00, '1', '2022-02-27 03:48:20', '2022-02-27 03:48:20');

-- --------------------------------------------------------

--
-- Table structure for table `results`
--

CREATE TABLE `results` (
  `id` bigint(20) UNSIGNED NOT NULL,
  `user_id` char(36) COLLATE utf8mb4_unicode_ci DEFAULT NULL,
  `quiz_id` char(36) COLLATE utf8mb4_unicode_ci DEFAULT NULL,
  `created_at` timestamp NULL DEFAULT NULL,
  `updated_at` timestamp NULL DEFAULT NULL,
  `question_id` char(36) COLLATE utf8mb4_unicode_ci NOT NULL,
  `answer` varchar(191) COLLATE utf8mb4_unicode_ci DEFAULT NULL,
  `attempt` int(11) NOT NULL DEFAULT 0
) ENGINE=MyISAM DEFAULT CHARSET=utf8mb4 COLLATE=utf8mb4_unicode_ci;

--
-- Dumping data for table `results`
--

INSERT INTO `results` (`id`, `user_id`, `quiz_id`, `created_at`, `updated_at`, `question_id`, `answer`, `attempt`) VALUES
(16459349618373, '5E-DA-AC-EC-9A-64', '16249569054691', '2022-02-26 22:09:21', '2022-02-26 22:09:21', '16249550767318', 'true', 3),
(16459386632508, '5E-DA-AC-EC-9A-64', '16459386487836', '2022-02-26 23:11:03', '2022-02-26 23:11:03', '16249550767318', 'true', 1),
(16459386633421, '5E-DA-AC-EC-9A-64', '16459386487836', '2022-02-26 23:11:03', '2022-02-26 23:11:03', '16249551068807', 'yes', 1),
(16459507244816, '5E-DA-AC-EC-9A-64', '16459386487836', '2022-02-27 02:32:04', '2022-02-27 02:32:04', '16249551068807', 'very good', 2),
(16459507245180, '5E-DA-AC-EC-9A-64', '16459386487836', '2022-02-27 02:32:04', '2022-02-27 02:32:04', '16249550767318', 'false', 2),
(16459508237518, '5E-DA-AC-EC-9A-64', '16459386487836', '2022-02-27 02:33:43', '2022-02-27 02:33:43', '16249550767318', 'false', 3),
(16459508236600, '5E-DA-AC-EC-9A-64', '16459386487836', '2022-02-27 02:33:43', '2022-02-27 02:33:43', '16249551068807', 'very good', 3),
(16459522086546, '5E-DA-AC-EC-9A-64', '16459386487836', '2022-02-27 02:56:48', '2022-02-27 02:56:48', '16249551068807', 'no', 4),
(16459522086574, '5E-DA-AC-EC-9A-64', '16459386487836', '2022-02-27 02:56:48', '2022-02-27 02:56:48', '16249550767318', 'false', 4),
(16459534743856, '5E-DA-AC-EC-9A-64', '16249569054691', '2022-02-27 03:17:54', '2022-02-27 03:17:54', '16249551068807', 'yes', 4),
(16459534745904, '5E-DA-AC-EC-9A-64', '16249569054691', '2022-02-27 03:17:54', '2022-02-27 03:17:54', '16249550767318', 'true', 4),
(16459553002470, '5E-DA-AC-EC-9A-64', '16459386487836', '2022-02-27 03:48:20', '2022-02-27 03:48:20', '16249550767318', 'true', 5),
(16459553004371, '5E-DA-AC-EC-9A-64', '16459386487836', '2022-02-27 03:48:20', '2022-02-27 03:48:20', '16249551068807', 'no', 5),
(16402538271065, '5E-DA-AC-EC-9A-64', '16249569054691', '2021-12-23 04:03:47', '2021-12-23 04:03:47', '16249551068807', 'yes', 1),
(16402538272572, '5E-DA-AC-EC-9A-64', '16249569054691', '2021-12-23 04:03:47', '2021-12-23 04:03:47', '16249550767318', 'true', 1),
(16456930121669, '5E-DA-AC-EC-9A-64', '16249569054691', '2022-02-24 02:56:52', '2022-02-24 02:56:52', '16249551068807', 'no', 2),
(16456930124955, '5E-DA-AC-EC-9A-64', '16249569054691', '2022-02-24 02:56:52', '2022-02-24 02:56:52', '16249550767318', 'true', 2),
(16459349614388, '5E-DA-AC-EC-9A-64', '16249569054691', '2022-02-26 22:09:21', '2022-02-26 22:09:21', '16249551068807', 'lol', 3);

-- --------------------------------------------------------

--
-- Table structure for table `roles`
--

CREATE TABLE `roles` (
  `id` bigint(20) UNSIGNED NOT NULL,
  `name` varchar(191) COLLATE utf8mb4_unicode_ci NOT NULL,
  `slug` varchar(191) COLLATE utf8mb4_unicode_ci NOT NULL,
  `created_at` timestamp NULL DEFAULT NULL,
  `updated_at` timestamp NULL DEFAULT NULL
) ENGINE=MyISAM DEFAULT CHARSET=utf8mb4 COLLATE=utf8mb4_unicode_ci;

--
-- Dumping data for table `roles`
--

INSERT INTO `roles` (`id`, `name`, `slug`, `created_at`, `updated_at`) VALUES
(1, 'Super Admin', 'super-admin', '2022-02-27 03:45:06', '2022-02-27 03:45:06'),
(2, 'Admin', 'admin', '2022-02-27 03:45:06', '2022-02-27 03:45:06'),
(3, 'Moderator', 'moderator', '2022-02-27 03:45:06', '2022-02-27 03:45:06'),
(4, 'Editor', 'editor', '2022-02-27 03:45:06', '2022-02-27 03:45:06'),
(5, 'Agent', 'agent', '2022-02-27 03:45:06', '2022-02-27 03:45:06');

-- --------------------------------------------------------

--
-- Table structure for table `roles_permissions`
--

CREATE TABLE `roles_permissions` (
  `role_id` bigint(20) UNSIGNED NOT NULL,
  `permission_id` bigint(20) UNSIGNED NOT NULL
) ENGINE=MyISAM DEFAULT CHARSET=utf8mb4 COLLATE=utf8mb4_unicode_ci;

--
-- Dumping data for table `roles_permissions`
--

INSERT INTO `roles_permissions` (`role_id`, `permission_id`) VALUES
(1, 1),
(1, 2),
(1, 3),
(1, 4),
(1, 5),
(1, 6),
(1, 7),
(1, 8),
(1, 9),
(1, 10),
(1, 11),
(1, 12),
(1, 13),
(1, 14),
(1, 15),
(1, 16),
(1, 17),
(1, 18),
(1, 19),
(1, 20),
(1, 21),
(1, 22),
(1, 23),
(1, 24),
(1, 25),
(1, 26),
(1, 27),
(1, 28),
(1, 29),
(1, 30),
(1, 31),
(1, 32),
(1, 33),
(1, 34),
(1, 35),
(1, 36),
(1, 37),
(1, 38),
(1, 39),
(1, 40),
(1, 41),
(1, 42),
(1, 43),
(1, 44),
(1, 45),
(1, 46),
(1, 47),
(1, 48),
(1, 49),
(1, 50),
(1, 51),
(1, 52),
(1, 53),
(1, 54),
(1, 55),
(1, 56),
(1, 57),
(1, 58),
(1, 59),
(1, 60),
(1, 61),
(1, 62),
(1, 63),
(1, 64),
(1, 65),
(1, 66),
(1, 67),
(1, 69),
(1, 70),
(1, 71),
(1, 72),
(2, 1),
(2, 2),
(2, 3),
(2, 4),
(2, 5),
(2, 6),
(2, 7),
(2, 8),
(2, 9),
(2, 10),
(2, 11),
(2, 12),
(2, 13),
(2, 14),
(2, 15),
(2, 16),
(2, 17),
(2, 18),
(2, 19),
(2, 20),
(2, 21),
(2, 22),
(2, 23),
(2, 24),
(2, 25),
(2, 26),
(2, 27),
(2, 28),
(2, 29),
(2, 30),
(2, 31),
(2, 32),
(2, 33),
(2, 34),
(2, 35),
(2, 36),
(2, 37),
(2, 38),
(2, 39),
(2, 40),
(2, 41),
(2, 42),
(2, 43),
(2, 44),
(2, 45),
(2, 46),
(2, 47),
(2, 48),
(2, 49),
(2, 50),
(2, 51),
(2, 52),
(2, 53),
(2, 54),
(2, 55),
(2, 56),
(2, 57),
(2, 58),
(2, 59),
(2, 60),
(2, 61),
(2, 62),
(2, 63),
(2, 64),
(2, 65),
(2, 66),
(2, 67),
(2, 69),
(2, 70),
(2, 71),
(2, 72),
(2, 73),
(2, 74),
(2, 75),
(2, 76),
(5, 2),
(5, 3),
(5, 4),
(5, 5),
(5, 10),
(5, 11),
(5, 12),
(5, 13),
(5, 14),
(5, 15),
(5, 16),
(5, 17),
(5, 43),
(5, 44),
(5, 45),
(5, 46),
(5, 47),
(5, 48),
(5, 49),
(5, 50),
(5, 51),
(5, 52),
(5, 53),
(5, 54);

-- --------------------------------------------------------

--
-- Table structure for table `users`
--

CREATE TABLE `users` (
  `id` char(36) COLLATE utf8mb4_unicode_ci NOT NULL,
  `username` varchar(191) COLLATE utf8mb4_unicode_ci NOT NULL,
  `first_name` varchar(191) COLLATE utf8mb4_unicode_ci DEFAULT NULL,
  `last_name` varchar(191) COLLATE utf8mb4_unicode_ci DEFAULT NULL,
  `slug` varchar(191) COLLATE utf8mb4_unicode_ci DEFAULT NULL,
  `email` varchar(191) COLLATE utf8mb4_unicode_ci NOT NULL,
  `email_verified_at` timestamp NULL DEFAULT NULL,
  `password` varchar(191) COLLATE utf8mb4_unicode_ci NOT NULL,
  `status` tinyint(4) NOT NULL COMMENT '0 => Inactive, 1 => Active',
  `remember_token` varchar(100) COLLATE utf8mb4_unicode_ci DEFAULT NULL,
  `created_at` timestamp NULL DEFAULT NULL,
  `updated_at` timestamp NULL DEFAULT NULL
) ENGINE=MyISAM DEFAULT CHARSET=utf8mb4 COLLATE=utf8mb4_unicode_ci;

--
-- Dumping data for table `users`
--

INSERT INTO `users` (`id`, `username`, `first_name`, `last_name`, `slug`, `email`, `email_verified_at`, `password`, `status`, `remember_token`, `created_at`, `updated_at`) VALUES
('164015267815671', 'admin', 'Syful Islam', 'Alif', 'syful-islam-alif', 'alif@genusys.us', '2022-02-27 03:45:13', '$2y$10$3Q5DDOEQLsJNpMsX2fcVWOxVbQ2pAUGEpJ2xOYzxV7JwUPhy8aRmm', 1, 'OklxhQLVQD', '2022-02-27 03:45:13', '2022-02-27 03:45:13'),
('164596037314730', '9i2j-nfyuws', '9I2j', 'nFyUWs', '9i2j-nfyuws', '9I2jnFyUWs@genusys.us', '2022-02-27 03:45:18', '$2y$10$OwfmVdvWVF/CMe036RMeqOyaSSFRruyQ49U0.P92Xa94.E2VE4mWW', 1, 'r9P4ZKsR3o', '2022-02-27 03:45:18', '2022-02-27 03:45:18'),
('164595780311492', 'hxds-2dcrr1', 'hxds', '2DcrR1', 'hxds-2dcrr1', 'hxds2DcrR1@genusys.us', '2022-02-27 03:45:18', '$2y$10$qSgcwDz1gahdAHCJN2KKK.z56I1Hqvk8W5Q3UE1dZ4YqEJNMAf3ZK', 1, 'd2RlYw9DK2', '2022-02-27 03:45:18', '2022-02-27 03:45:18'),
('164595903316735', 'ah3r-xyaunk', 'AH3r', 'XYaUNK', 'ah3r-xyaunk', 'AH3rXYaUNK@genusys.us', '2022-02-27 03:45:18', '$2y$10$2FTBqiWPqn1EUp63R8PNo.gYEaocBHDOpef80jeiO5JOCnTNAreQy', 1, 'Q0fPSsMnvF', '2022-02-27 03:45:18', '2022-02-27 03:45:18'),
('164596359010144', '1ap1-brb0gu', '1Ap1', 'bRb0gu', '1ap1-brb0gu', '1Ap1bRb0gu@genusys.us', '2022-02-27 03:45:18', '$2y$10$jkvyvg7Jn/FpBo8putDL8e9r.SARacm7qniG902LLhtXW1sXCKeaO', 1, 'V1XYKVfNAr', '2022-02-27 03:45:18', '2022-02-27 03:45:18'),
('164596074513269', 'cq1f-tqny3n', 'cq1f', 'tqnY3N', 'cq1f-tqny3n', 'cq1ftqnY3N@genusys.us', '2022-02-27 03:45:18', '$2y$10$3rp1zR1d/.2sm9Dgeb0p2uVZCN4JYBUZWZjg9CIPpHEeQC/ARgQOC', 1, 'DXWhrTWaLu', '2022-02-27 03:45:18', '2022-02-27 03:45:18'),
('164596126510036', 'xap0-21atap', 'xAP0', '21ATap', 'xap0-21atap', 'xAP021ATap@genusys.us', '2022-02-27 03:45:18', '$2y$10$kun6SWbHqdRU/UGywVUGyeIDKq3BjPMqVhe50PVVDTyN06cBMwma2', 1, 'gLAhV3nl08', '2022-02-27 03:45:18', '2022-02-27 03:45:18'),
('164595790510291', 'mp2s-t3mpi4', 'MP2s', 't3mPi4', 'mp2s-t3mpi4', 'MP2st3mPi4@genusys.us', '2022-02-27 03:45:18', '$2y$10$Uvxmq6As9ILRKMDu7M5HeO18BbobZ3Ayoa1QgFlrOwLjkuCHWNLjm', 1, 'UxVy1F8Ogf', '2022-02-27 03:45:18', '2022-02-27 03:45:18'),
('16459636079060', 'aa5u-psjd2m', 'Aa5u', 'pSJD2m', 'aa5u-psjd2m', 'Aa5upSJD2m@genusys.us', '2022-02-27 03:45:18', '$2y$10$ng3jB5vth16V2qBAN/WaE.mlCJhItrdSVSCUqa8LoiQjdf6HozBaK', 1, 'shObKy2giu', '2022-02-27 03:45:18', '2022-02-27 03:45:18'),
('16459563305868', 'eojg-0hkcma', 'eojG', '0hkcMa', 'eojg-0hkcma', 'eojG0hkcMa@genusys.us', '2022-02-27 03:45:18', '$2y$10$lL/8JtKXTycfpklmalIqjeBvO1Od.FX/OYdzGLGcFFvC.3XEagvru', 1, 'uPzVga4SM9', '2022-02-27 03:45:18', '2022-02-27 03:45:18'),
('16459563286820', 'hx17-m53cuv', 'Hx17', 'M53CUv', 'hx17-m53cuv', 'Hx17M53CUv@genusys.us', '2022-02-27 03:45:18', '$2y$10$xm7nbPxO3kSdaTUF3m.AqO0d4oc5teJNJ/7Lj3Xt0JPydAVnh3UDO', 1, 'KOSGzN4jxn', '2022-02-27 03:45:18', '2022-02-27 03:45:18'),
('16459621284061', '5dgs-msdad1', '5Dgs', 'MSdad1', '5dgs-msdad1', '5DgsMSdad1@genusys.us', '2022-02-27 03:45:18', '$2y$10$BgqmuUa6Ub7qXK/qO0pND.wAldgLqKz2hb2izlQC03CuiWAO.Kr5G', 1, 'Wxk6tCLurv', '2022-02-27 03:45:18', '2022-02-27 03:45:18'),
('164596047815341', 'nqxp-aqo8du', 'nqxp', 'aqo8DU', 'nqxp-aqo8du', 'nqxpaqo8DU@genusys.us', '2022-02-27 03:45:19', '$2y$10$MmwB3UOmA7Iw4keNUfXSXeCpwXfzwZA04XRCQAaL5PeOcVUma0z4y', 1, 'uuSv3qhMWQ', '2022-02-27 03:45:19', '2022-02-27 03:45:19'),
('16459619808378', 'qoby-lmc3od', 'qOby', 'lMc3oD', 'qoby-lmc3od', 'qObylMc3oD@genusys.us', '2022-02-27 03:45:19', '$2y$10$dIed/ZBzcdYF7482I93mi.jnyMtg4CYiXyUV.0zNbFfovcMEcJin6', 1, 'GBLou1zdXl', '2022-02-27 03:45:19', '2022-02-27 03:45:19'),
('164596327711882', 'hvi6-jzwnpx', 'Hvi6', 'jzwNpX', 'hvi6-jzwnpx', 'Hvi6jzwNpX@genusys.us', '2022-02-27 03:45:19', '$2y$10$bvsPwRF/BTyMC0H.TPvwiet2Vc2kMwdz9z4HCp7x/O6eeb/byE35i', 1, 'eNpE1JyxET', '2022-02-27 03:45:19', '2022-02-27 03:45:19'),
('16459581008490', 'hxx3-gsmyhy', 'hXx3', 'GSMyhY', 'hxx3-gsmyhy', 'hXx3GSMyhY@genusys.us', '2022-02-27 03:45:19', '$2y$10$n1pIQi6jAr2Aj9X.B3xZbeL28Yx94mWJ1IZtepPgDzhms.fbUokza', 1, 's8YchegE38', '2022-02-27 03:45:19', '2022-02-27 03:45:19'),
('16459563186657', 'a9sw-l2vtw3', 'A9sW', 'L2vtw3', 'a9sw-l2vtw3', 'A9sWL2vtw3@genusys.us', '2022-02-27 03:45:19', '$2y$10$GZ4PNr5ZrS.RM1dkLTpTBuCJLVOViQsgA0ECA4.mWpkaCmmpf7DtG', 1, 'ctYKkmuhye', '2022-02-27 03:45:19', '2022-02-27 03:45:19'),
('16459639727431', 'onzd-qu6de8', 'ONZd', 'QU6de8', 'onzd-qu6de8', 'ONZdQU6de8@genusys.us', '2022-02-27 03:45:19', '$2y$10$D9vbS0eZ99VGILESkrTP7e.laFiNLdKkWt.OX1SPaHrdMPgqYB5m2', 1, 'iudYzDuqC3', '2022-02-27 03:45:19', '2022-02-27 03:45:19'),
('16459604685368', 'ypql-memzll', 'yPQL', 'meMzLl', 'ypql-memzll', 'yPQLmeMzLl@genusys.us', '2022-02-27 03:45:19', '$2y$10$mpv3CalKVST0Cu/lfNyqrOZ/Gf/XXSVOXywG9ExvHIp16zMS8iWQq', 1, 'j7sDw8Dznk', '2022-02-27 03:45:19', '2022-02-27 03:45:19'),
('164595732612836', '7f3g-hdef9u', '7f3G', 'HdEF9u', '7f3g-hdef9u', '7f3GHdEF9u@genusys.us', '2022-02-27 03:45:19', '$2y$10$ZIKmuM4k6iGEO0NPh1fWfeXWaNDBjyudwKLg8GIIMILxVNuKdZrqu', 1, '0yO4uvUsGd', '2022-02-27 03:45:19', '2022-02-27 03:45:19'),
('164596077811884', 'pr9t-cecqme', 'pr9T', 'cECQME', 'pr9t-cecqme', 'pr9TcECQME@genusys.us', '2022-02-27 03:45:19', '$2y$10$lkyGmAB1.GpOHi47hOu6TuGECYF719e3vh0kUHmSUniksqQpwl8pm', 1, 'G0q0U1d2sU', '2022-02-27 03:45:19', '2022-02-27 03:45:19'),
('164595700112462', 'f8c4-vu9uts', 'F8C4', 'Vu9uTs', 'f8c4-vu9uts', 'F8C4Vu9uTs@genusys.us', '2022-02-27 03:45:19', '$2y$10$OQtkO.5Km9LB7TL3xSWj2udRGAdcyiqyInm0WJVKXvUugjKuWc5U6', 1, 'J8cMCBJFoG', '2022-02-27 03:45:19', '2022-02-27 03:45:19'),
('164596182514078', 'tjo5-wilnzd', 'TJO5', 'wilnZD', 'tjo5-wilnzd', 'TJO5wilnZD@genusys.us', '2022-02-27 03:45:19', '$2y$10$c8b8q7Q6dSdLOZaHQh3rLe1S/aWr26RW3lpl76VXrLYP2bgnePK.G', 1, 'IpiFblaMLA', '2022-02-27 03:45:19', '2022-02-27 03:45:19'),
('16459631189835', 'vghy-pr9fxu', 'Vghy', 'PR9fXU', 'vghy-pr9fxu', 'VghyPR9fXU@genusys.us', '2022-02-27 03:45:19', '$2y$10$Qi.NWpGlRS/qNjJjSoe2GezvZgaKVnyVRNdAsq/dy0.BqXnGQ9Wj2', 1, 'Fcnwgd2N1r', '2022-02-27 03:45:19', '2022-02-27 03:45:19'),
('164595953512152', 'gyqj-fovfmk', 'gyQj', 'foVfmk', 'gyqj-fovfmk', 'gyQjfoVfmk@genusys.us', '2022-02-27 03:45:19', '$2y$10$lVQjQBCTOor6b3SOKXLdbOYuVuOMEDkb40ykBLcS8XYHyHb9ly7x.', 1, 'hXnxgs9b4m', '2022-02-27 03:45:19', '2022-02-27 03:45:19'),
('16459600686313', 'gmu0-8gzjtg', 'gMU0', '8GzJTg', 'gmu0-8gzjtg', 'gMU08GzJTg@genusys.us', '2022-02-27 03:45:19', '$2y$10$LuxDFIDyqVnTXpnsdYKCgO.ckNwC0m8XHOnguZaTCWflJbAjpariu', 1, '8GAxUM8In7', '2022-02-27 03:45:19', '2022-02-27 03:45:19'),
('16459564006733', 'fwij-o6xcev', 'FwIj', 'O6XceV', 'fwij-o6xcev', 'FwIjO6XceV@genusys.us', '2022-02-27 03:45:19', '$2y$10$Hh6w03Tilt82.5Zs4ji3lODcCAKinqZIS2C3Odqoj6yV0.nLs0Gui', 1, 'R2SPUAdRsI', '2022-02-27 03:45:19', '2022-02-27 03:45:19'),
('16459621218589', 'yi2w-guns9z', 'yI2W', 'GUNs9Z', 'yi2w-guns9z', 'yI2WGUNs9Z@genusys.us', '2022-02-27 03:45:19', '$2y$10$y5.8EpmV4NV/.aZRUBwcSuUkni1nN/pG7qcH3UMdx7FOCZn4riXve', 1, 'VcgkwQTiDT', '2022-02-27 03:45:19', '2022-02-27 03:45:19'),
('16459621278656', 'y2ng-qg8ibx', 'Y2Ng', 'Qg8ibx', 'y2ng-qg8ibx', 'Y2NgQg8ibx@genusys.us', '2022-02-27 03:45:19', '$2y$10$ZGysiX.Q/4zWMQTOr5c7tuCAMuOGR96JuYAsL2eOimx0OAxX/Wp7e', 1, 'cZLysZn5W5', '2022-02-27 03:45:19', '2022-02-27 03:45:19'),
('164595977917764', 'grbo-uwrcrx', 'gRbo', 'uWrCRx', 'grbo-uwrcrx', 'gRbouWrCRx@genusys.us', '2022-02-27 03:45:19', '$2y$10$NftCSNY.82ftfpE5ohh/uOz31iGjq.Ew0iGuiBUAb.YVdtnIOJPq2', 1, 'CMVXOgUg03', '2022-02-27 03:45:19', '2022-02-27 03:45:19'),
('164595785214915', 'pgmr-sf834m', 'PgmR', 'sf834m', 'pgmr-sf834m', 'PgmRsf834m@genusys.us', '2022-02-27 03:45:19', '$2y$10$Swg6eAZfA9DNr32wE/nN4...cZ2TOuzMr.4jqCwVSQztXwGAA59GS', 1, '02RP018Ap2', '2022-02-27 03:45:19', '2022-02-27 03:45:19'),
('16459625539349', 'nlu3-behmbu', 'NlU3', 'BehMBu', 'nlu3-behmbu', 'NlU3BehMBu@genusys.us', '2022-02-27 03:45:19', '$2y$10$a6XfGO/ArOOzg7sdZWAd2OrliL/tlGrL.Wup11nDBSQK2tsZGNCJu', 1, 'eIjOTvoCAb', '2022-02-27 03:45:19', '2022-02-27 03:45:19'),
('16459569418555', 'kazb-plvwh6', 'KazB', 'plVWH6', 'kazb-plvwh6', 'KazBplVWH6@genusys.us', '2022-02-27 03:45:20', '$2y$10$q560BiwlwXpHcwoRqS0QWOB9yyH7PPsksji/pLF2xDFD.oT7.zym2', 1, 'S4KpQnLH0p', '2022-02-27 03:45:20', '2022-02-27 03:45:20'),
('16459579125757', 'q3yf-jtx3xj', 'q3Yf', 'jTX3xJ', 'q3yf-jtx3xj', 'q3YfjTX3xJ@genusys.us', '2022-02-27 03:45:20', '$2y$10$WHgiMhgD2aEWnLDX0ndBz.gJKxLLK8BknvAUTs9UizQ9xdnrMh0De', 1, 'd0cR6kUrtV', '2022-02-27 03:45:20', '2022-02-27 03:45:20'),
('16459594218956', '7kqo-ekbfdh', '7kqo', 'EKBFdh', '7kqo-ekbfdh', '7kqoEKBFdh@genusys.us', '2022-02-27 03:45:20', '$2y$10$oEsFI3LigctNx69hc/AK1e9esTpdGIMf.CuSSuVvMOYp0x2DvPde.', 1, '02gfnvHA8X', '2022-02-27 03:45:20', '2022-02-27 03:45:20'),
('16459584167494', 'qcqz-lrv9g0', 'QcQz', 'LRV9g0', 'qcqz-lrv9g0', 'QcQzLRV9g0@genusys.us', '2022-02-27 03:45:20', '$2y$10$bSyMmDsvnxjsso/ilVshoOaGCJw.yc/K28y1E6NgQZPbxBJKismLq', 1, 's3t7fMofkY', '2022-02-27 03:45:20', '2022-02-27 03:45:20'),
('16459622678062', 'swpv-lzu4e3', 'SWPv', 'LZu4e3', 'swpv-lzu4e3', 'SWPvLZu4e3@genusys.us', '2022-02-27 03:45:20', '$2y$10$It4DNuXbJQfNHq4TbWtBqeU/.JD6cPXEc92v0LxHHom4VInapC/QC', 1, 'cCl52ARF7G', '2022-02-27 03:45:20', '2022-02-27 03:45:20'),
('164596370510005', 'dww9-brddxb', 'DWw9', 'BrDdXB', 'dww9-brddxb', 'DWw9BrDdXB@genusys.us', '2022-02-27 03:45:20', '$2y$10$4.REdR48KRab4vCIDI7tTeHy4E5OiDs6jgiYwuQlDEdCkJBaqAMEe', 1, 'EaiaAPRlUE', '2022-02-27 03:45:20', '2022-02-27 03:45:20'),
('164596285913441', 'bf9c-vvysvw', 'bf9C', 'vvySVw', 'bf9c-vvysvw', 'bf9CvvySVw@genusys.us', '2022-02-27 03:45:20', '$2y$10$mOfv.f8h34.VfUjxtEagmeBQmxOwX92/fUbbqE0uRZVEFLopYQy5m', 1, 'bMiqrtAJHg', '2022-02-27 03:45:20', '2022-02-27 03:45:20'),
('164595925210734', 'u32p-p1eph7', 'U32P', 'p1Eph7', 'u32p-p1eph7', 'U32Pp1Eph7@genusys.us', '2022-02-27 03:45:20', '$2y$10$VyFMScYjcnDcqTdcta.Hv./vSuocHrHFCwObKdrPihKG9vEKid2uW', 1, 'NHWanKAarh', '2022-02-27 03:45:20', '2022-02-27 03:45:20'),
('16459603309393', 'wtiw-nxn9qn', 'WtIW', 'NXn9Qn', 'wtiw-nxn9qn', 'WtIWNXn9Qn@genusys.us', '2022-02-27 03:45:20', '$2y$10$cLeeUlLwn.aOHd/ZxhCWUuSrGwSz9TN92XoT/Oo3deyn0et3lFUvm', 1, 'VLoVajoEg2', '2022-02-27 03:45:20', '2022-02-27 03:45:20'),
('16459635416843', 'zylr-oifeba', 'zYlR', 'OiFebA', 'zylr-oifeba', 'zYlROiFebA@genusys.us', '2022-02-27 03:45:20', '$2y$10$WTBioFPYu..04pLJgUMEoejzFsr.EfjVxR4CpkvFKpiEhlbTssUfe', 1, 'vJ9vFzvC5X', '2022-02-27 03:45:20', '2022-02-27 03:45:20'),
('164596277615762', 'y0cu-673tpz', 'y0cU', '673Tpz', 'y0cu-673tpz', 'y0cU673Tpz@genusys.us', '2022-02-27 03:45:20', '$2y$10$JVJ.5zXziSDXLrR7.lLWdOZ.IoP39BBnRzuiqFQBuRoL3KrK6.EzK', 1, 't1vRlQlry1', '2022-02-27 03:45:20', '2022-02-27 03:45:20'),
('164595635313524', 'zd83-e8nyia', 'zd83', 'e8Nyia', 'zd83-e8nyia', 'zd83e8Nyia@genusys.us', '2022-02-27 03:45:20', '$2y$10$aJungtkI8K27iGMpzLhNK.D2SV38eY4d.sxvY0fA4IrJmPHAmji7q', 1, 'lcjXo3dJE3', '2022-02-27 03:45:20', '2022-02-27 03:45:20'),
('164595720112819', 'mgxh-v8jdr0', 'mgXH', 'V8Jdr0', 'mgxh-v8jdr0', 'mgXHV8Jdr0@genusys.us', '2022-02-27 03:45:20', '$2y$10$BtM9w4eORjtmTy51eJByt.kq8F0P7y9D5um3pSAMSiRqU.NvHXlbO', 1, 'i49YWYjgyS', '2022-02-27 03:45:20', '2022-02-27 03:45:20'),
('164596039514096', 'fztm-blllii', 'FZTM', 'bllLiI', 'fztm-blllii', 'FZTMbllLiI@genusys.us', '2022-02-27 03:45:20', '$2y$10$nRe6T59LWucWTDuvOgx3WeQLIqPmlZoJn9qRxG.6s9neBLGF6NH5G', 1, 'pcTQgRJCzv', '2022-02-27 03:45:20', '2022-02-27 03:45:20'),
('164596280513230', '01gj-lscu6f', '01Gj', 'lsCu6F', '01gj-lscu6f', '01GjlsCu6F@genusys.us', '2022-02-27 03:45:20', '$2y$10$LXh5.H5kOO.y1qALIcGevu.ds0QHHFlfSQWpM/0tEL.4axSyhD5XO', 1, 'Rg4oSErrli', '2022-02-27 03:45:20', '2022-02-27 03:45:20'),
('16459581895031', '92th-f9luzu', '92tH', 'f9LuZu', '92th-f9luzu', '92tHf9LuZu@genusys.us', '2022-02-27 03:45:20', '$2y$10$PVQwz8QEmP.nlJkeTklwNerA2PkgEKQAdpqkVnPt0B4Z3PFttXQlm', 1, 'uyHkDrfVFS', '2022-02-27 03:45:20', '2022-02-27 03:45:20'),
('16459581846729', 'rlkx-sawlzt', 'rlkX', 'SAWLzT', 'rlkx-sawlzt', 'rlkXSAWLzT@genusys.us', '2022-02-27 03:45:20', '$2y$10$4eFoqjXQYLbiK59sPrRdo.RI7zqDCC8ZvwsIqtLAwMUU738BkJOdm', 1, 'zvtXii1abh', '2022-02-27 03:45:20', '2022-02-27 03:45:20'),
('16459611047104', 'v6oe-hraziu', 'v6oE', 'HRaZiu', 'v6oe-hraziu', 'v6oEHRaZiu@genusys.us', '2022-02-27 03:45:20', '$2y$10$0sH6hgZ3Bea9S5W.l4UmTu9Fff3LjpIcZQbQE941gcYVEuaQdtkb.', 1, 'LjXyjTlMv4', '2022-02-27 03:45:20', '2022-02-27 03:45:20'),
('16459632097148', '7fqa-629mka', '7Fqa', '629Mka', '7fqa-629mka', '7Fqa629Mka@genusys.us', '2022-02-27 03:45:20', '$2y$10$BmqnLSUi.RnKzVPf9bhqROY.FnjJz8LjaHGeY/VqcTzc5VcoTdGuG', 1, '1JhCXJUbFl', '2022-02-27 03:45:20', '2022-02-27 03:45:20'),
('16459584056736', 'bqbt-2jtw4q', 'Bqbt', '2jTW4Q', 'bqbt-2jtw4q', 'Bqbt2jTW4Q@genusys.us', '2022-02-27 03:45:21', '$2y$10$Cc8J9J7sQQ2bdGpue8jHmOo.aDMN/7NmGsTN315TAi3uMNLZSjm5W', 1, 'YjQWIMdWsZ', '2022-02-27 03:45:21', '2022-04-16 23:35:09');

-- --------------------------------------------------------

--
-- Table structure for table `users_permissions`
--

CREATE TABLE `users_permissions` (
  `user_id` char(36) COLLATE utf8mb4_unicode_ci NOT NULL,
  `permission_id` bigint(20) UNSIGNED NOT NULL
) ENGINE=MyISAM DEFAULT CHARSET=utf8mb4 COLLATE=utf8mb4_unicode_ci;

--
-- Dumping data for table `users_permissions`
--

INSERT INTO `users_permissions` (`user_id`, `permission_id`) VALUES
('164015267815671', 1),
('164015267815671', 2),
('164015267815671', 3),
('164015267815671', 4),
('164015267815671', 5),
('164015267815671', 6),
('164015267815671', 7),
('164015267815671', 8),
('164015267815671', 9),
('164015267815671', 10),
('164015267815671', 11),
('164015267815671', 12),
('164015267815671', 13),
('164015267815671', 14),
('164015267815671', 15),
('164015267815671', 16),
('164015267815671', 17),
('164015267815671', 18),
('164015267815671', 19),
('164015267815671', 20),
('164015267815671', 21),
('164015267815671', 22),
('164015267815671', 23),
('164015267815671', 24),
('164015267815671', 25),
('164015267815671', 26),
('164015267815671', 27),
('164015267815671', 28),
('164015267815671', 29),
('164015267815671', 30),
('164015267815671', 31),
('164015267815671', 32),
('164015267815671', 33),
('164015267815671', 34),
('164015267815671', 35),
('164015267815671', 36),
('164015267815671', 37),
('164015267815671', 38),
('164015267815671', 39),
('164015267815671', 40),
('164015267815671', 41),
('164015267815671', 42),
('164015267815671', 43),
('164015267815671', 44),
('164015267815671', 45),
('164015267815671', 46),
('164015267815671', 47),
('164015267815671', 48),
('164015267815671', 49),
('164015267815671', 50),
('164015267815671', 51),
('164015267815671', 52),
('164015267815671', 53),
('164015267815671', 54),
('164015267815671', 55),
('164015267815671', 56),
('164015267815671', 57),
('164015267815671', 58),
('164015267815671', 59),
('164015267815671', 60),
('164015267815671', 61),
('164015267815671', 62),
('164015267815671', 63),
('164015267815671', 64),
('164015267815671', 65),
('164015267815671', 66),
('164015267815671', 67);

-- --------------------------------------------------------

--
-- Table structure for table `users_roles`
--

CREATE TABLE `users_roles` (
  `user_id` char(36) COLLATE utf8mb4_unicode_ci NOT NULL,
  `role_id` bigint(20) UNSIGNED NOT NULL
) ENGINE=MyISAM DEFAULT CHARSET=utf8mb4 COLLATE=utf8mb4_unicode_ci;

--
-- Dumping data for table `users_roles`
--

INSERT INTO `users_roles` (`user_id`, `role_id`) VALUES
('16249427894837', 1),
('16249492412111', 2),
('16249492783512', 5),
('16249573095626', 5),
('164015267815671', 1),
('16459563186657', 2),
('16459563286820', 2),
('16459563305868', 2),
('164595635313524', 2),
('16459564006733', 2),
('16459569418555', 2),
('164595700112462', 2),
('164595720112819', 2),
('164595732612836', 2),
('164595780311492', 2),
('164595785214915', 2),
('164595790510291', 2),
('16459579125757', 2),
('16459581008490', 2),
('16459581846729', 2),
('16459581895031', 2),
('16459584056736', 2),
('16459584167494', 2),
('164595903316735', 2),
('164595925210734', 2),
('16459594218956', 2),
('164595953512152', 2),
('164595977917764', 2),
('16459600686313', 2),
('16459603309393', 2),
('164596037314730', 2),
('164596039514096', 2),
('16459604685368', 2),
('164596047815341', 2),
('164596074513269', 2),
('164596077811884', 2),
('16459611047104', 2),
('164596126510036', 2),
('164596182514078', 2),
('16459619808378', 2),
('16459621218589', 2),
('16459621278656', 2),
('16459621284061', 2),
('16459622678062', 2),
('16459625539349', 2),
('164596277615762', 2),
('164596280513230', 2),
('164596285913441', 2),
('16459631189835', 2),
('16459632097148', 2),
('164596327711882', 2),
('16459635416843', 2),
('164596359010144', 2),
('16459636079060', 2),
('164596370510005', 2),
('16459639727431', 2);

--
-- Indexes for dumped tables
--

--
-- Indexes for table `articles`
--
ALTER TABLE `articles`
  ADD PRIMARY KEY (`id`),
  ADD KEY `articles_category_id_foreign` (`category_id`),
  ADD KEY `articles_en_title_index` (`en_title`),
  ADD KEY `articles_bn_title_index` (`bn_title`);

--
-- Indexes for table `banners`
--
ALTER TABLE `banners`
  ADD PRIMARY KEY (`id`);

--
-- Indexes for table `categories`
--
ALTER TABLE `categories`
  ADD PRIMARY KEY (`id`),
  ADD UNIQUE KEY `categories_name_unique` (`name`);

--
-- Indexes for table `category_groups`
--
ALTER TABLE `category_groups`
  ADD PRIMARY KEY (`category_id`,`group_id`),
  ADD KEY `category_groups_group_id_foreign` (`group_id`);

--
-- Indexes for table `comments`
--
ALTER TABLE `comments`
  ADD PRIMARY KEY (`id`);

--
-- Indexes for table `contents`
--
ALTER TABLE `contents`
  ADD PRIMARY KEY (`id`);

--
-- Indexes for table `crud_histories`
--
ALTER TABLE `crud_histories`
  ADD PRIMARY KEY (`id`),
  ADD KEY `crud_histories_linkable_type_linkable_id_index` (`linkable_type`,`linkable_id`);

--
-- Indexes for table `dynamic_pages`
--
ALTER TABLE `dynamic_pages`
  ADD PRIMARY KEY (`id`),
  ADD UNIQUE KEY `dynamic_pages_title_unique` (`title`);

--
-- Indexes for table `dynamic_page_files`
--
ALTER TABLE `dynamic_page_files`
  ADD PRIMARY KEY (`id`);

--
-- Indexes for table `email_settings`
--
ALTER TABLE `email_settings`
  ADD PRIMARY KEY (`id`);

--
-- Indexes for table `exchange_rates`
--
ALTER TABLE `exchange_rates`
  ADD PRIMARY KEY (`id`);

--
-- Indexes for table `failed_jobs`
--
ALTER TABLE `failed_jobs`
  ADD PRIMARY KEY (`id`),
  ADD UNIQUE KEY `failed_jobs_uuid_unique` (`uuid`);

--
-- Indexes for table `faqs`
--
ALTER TABLE `faqs`
  ADD PRIMARY KEY (`id`),
  ADD UNIQUE KEY `faqs_slug_unique` (`slug`),
  ADD KEY `faqs_en_title_index` (`en_title`),
  ADD KEY `faqs_bn_title_index` (`bn_title`);

--
-- Indexes for table `groups`
--
ALTER TABLE `groups`
  ADD PRIMARY KEY (`id`),
  ADD UNIQUE KEY `groups_name_unique` (`name`);

--
-- Indexes for table `group_roles`
--
ALTER TABLE `group_roles`
  ADD PRIMARY KEY (`group_id`,`role_id`),
  ADD KEY `group_roles_role_id_foreign` (`role_id`);

--
-- Indexes for table `interest_rates`
--
ALTER TABLE `interest_rates`
  ADD PRIMARY KEY (`id`);

--
-- Indexes for table `links`
--
ALTER TABLE `links`
  ADD PRIMARY KEY (`id`),
  ADD UNIQUE KEY `links_title_unique` (`title`);

--
-- Indexes for table `media`
--
ALTER TABLE `media`
  ADD PRIMARY KEY (`id`),
  ADD KEY `media_mediable_type_mediable_id_index` (`mediable_type`,`mediable_id`);

--
-- Indexes for table `menus`
--
ALTER TABLE `menus`
  ADD PRIMARY KEY (`id`),
  ADD UNIQUE KEY `menus_name_unique` (`name`);

--
-- Indexes for table `migrations`
--
ALTER TABLE `migrations`
  ADD PRIMARY KEY (`id`);

--
-- Indexes for table `notifications`
--
ALTER TABLE `notifications`
  ADD PRIMARY KEY (`id`),
  ADD KEY `notifications_notifiable_type_notifiable_id_index` (`notifiable_type`,`notifiable_id`);

--
-- Indexes for table `oauth_access_tokens`
--
ALTER TABLE `oauth_access_tokens`
  ADD PRIMARY KEY (`id`),
  ADD KEY `oauth_access_tokens_user_id_index` (`user_id`);

--
-- Indexes for table `oauth_auth_codes`
--
ALTER TABLE `oauth_auth_codes`
  ADD PRIMARY KEY (`id`),
  ADD KEY `oauth_auth_codes_user_id_index` (`user_id`);

--
-- Indexes for table `oauth_clients`
--
ALTER TABLE `oauth_clients`
  ADD PRIMARY KEY (`id`),
  ADD KEY `oauth_clients_user_id_index` (`user_id`);

--
-- Indexes for table `oauth_personal_access_clients`
--
ALTER TABLE `oauth_personal_access_clients`
  ADD PRIMARY KEY (`id`);

--
-- Indexes for table `oauth_refresh_tokens`
--
ALTER TABLE `oauth_refresh_tokens`
  ADD PRIMARY KEY (`id`),
  ADD KEY `oauth_refresh_tokens_access_token_id_index` (`access_token_id`);

--
-- Indexes for table `pages`
--
ALTER TABLE `pages`
  ADD PRIMARY KEY (`id`);

--
-- Indexes for table `password_resets`
--
ALTER TABLE `password_resets`
  ADD KEY `password_resets_email_index` (`email`);

--
-- Indexes for table `permissions`
--
ALTER TABLE `permissions`
  ADD PRIMARY KEY (`id`);

--
-- Indexes for table `quizzes`
--
ALTER TABLE `quizzes`
  ADD PRIMARY KEY (`id`),
  ADD KEY `quizzes_name_index` (`name`);

--
-- Indexes for table `quiz_forms`
--
ALTER TABLE `quiz_forms`
  ADD PRIMARY KEY (`id`),
  ADD KEY `quiz_forms_name_index` (`name`);

--
-- Indexes for table `quiz_form_fields`
--
ALTER TABLE `quiz_form_fields`
  ADD PRIMARY KEY (`id`),
  ADD KEY `quiz_form_fields_quiz_form_id_foreign` (`quiz_form_id`);

--
-- Indexes for table `quiz_results`
--
ALTER TABLE `quiz_results`
  ADD PRIMARY KEY (`id`);

--
-- Indexes for table `results`
--
ALTER TABLE `results`
  ADD PRIMARY KEY (`id`);

--
-- Indexes for table `roles`
--
ALTER TABLE `roles`
  ADD PRIMARY KEY (`id`);

--
-- Indexes for table `roles_permissions`
--
ALTER TABLE `roles_permissions`
  ADD PRIMARY KEY (`role_id`,`permission_id`),
  ADD KEY `roles_permissions_permission_id_foreign` (`permission_id`);

--
-- Indexes for table `users`
--
ALTER TABLE `users`
  ADD PRIMARY KEY (`id`),
  ADD UNIQUE KEY `users_username_unique` (`username`),
  ADD UNIQUE KEY `users_email_unique` (`email`),
  ADD KEY `users_first_name_index` (`first_name`);

--
-- Indexes for table `users_permissions`
--
ALTER TABLE `users_permissions`
  ADD PRIMARY KEY (`user_id`,`permission_id`),
  ADD KEY `users_permissions_permission_id_foreign` (`permission_id`);

--
-- Indexes for table `users_roles`
--
ALTER TABLE `users_roles`
  ADD PRIMARY KEY (`user_id`,`role_id`),
  ADD KEY `users_roles_role_id_foreign` (`role_id`);

--
-- AUTO_INCREMENT for dumped tables
--

--
-- AUTO_INCREMENT for table `comments`
--
ALTER TABLE `comments`
  MODIFY `id` bigint(20) UNSIGNED NOT NULL AUTO_INCREMENT;

--
-- AUTO_INCREMENT for table `contents`
--
ALTER TABLE `contents`
  MODIFY `id` bigint(20) UNSIGNED NOT NULL AUTO_INCREMENT, AUTO_INCREMENT=16502594963471;

--
-- AUTO_INCREMENT for table `crud_histories`
--
ALTER TABLE `crud_histories`
  MODIFY `id` bigint(20) UNSIGNED NOT NULL AUTO_INCREMENT, AUTO_INCREMENT=193;

--
-- AUTO_INCREMENT for table `dynamic_page_files`
--
ALTER TABLE `dynamic_page_files`
  MODIFY `id` int(11) NOT NULL AUTO_INCREMENT, AUTO_INCREMENT=30;

--
-- AUTO_INCREMENT for table `email_settings`
--
ALTER TABLE `email_settings`
  MODIFY `id` bigint(20) UNSIGNED NOT NULL AUTO_INCREMENT, AUTO_INCREMENT=2;

--
-- AUTO_INCREMENT for table `failed_jobs`
--
ALTER TABLE `failed_jobs`
  MODIFY `id` bigint(20) UNSIGNED NOT NULL AUTO_INCREMENT;

--
-- AUTO_INCREMENT for table `groups`
--
ALTER TABLE `groups`
  MODIFY `id` bigint(20) UNSIGNED NOT NULL AUTO_INCREMENT, AUTO_INCREMENT=8;

--
-- AUTO_INCREMENT for table `media`
--
ALTER TABLE `media`
  MODIFY `id` bigint(20) UNSIGNED NOT NULL AUTO_INCREMENT, AUTO_INCREMENT=84;

--
-- AUTO_INCREMENT for table `migrations`
--
ALTER TABLE `migrations`
  MODIFY `id` int(10) UNSIGNED NOT NULL AUTO_INCREMENT, AUTO_INCREMENT=51;

--
-- AUTO_INCREMENT for table `oauth_clients`
--
ALTER TABLE `oauth_clients`
  MODIFY `id` bigint(20) UNSIGNED NOT NULL AUTO_INCREMENT, AUTO_INCREMENT=7;

--
-- AUTO_INCREMENT for table `oauth_personal_access_clients`
--
ALTER TABLE `oauth_personal_access_clients`
  MODIFY `id` bigint(20) UNSIGNED NOT NULL AUTO_INCREMENT, AUTO_INCREMENT=4;

--
-- AUTO_INCREMENT for table `permissions`
--
ALTER TABLE `permissions`
  MODIFY `id` bigint(20) UNSIGNED NOT NULL AUTO_INCREMENT, AUTO_INCREMENT=77;

--
-- AUTO_INCREMENT for table `quiz_results`
--
ALTER TABLE `quiz_results`
  MODIFY `id` bigint(20) UNSIGNED NOT NULL AUTO_INCREMENT, AUTO_INCREMENT=16459553001215;

--
-- AUTO_INCREMENT for table `results`
--
ALTER TABLE `results`
  MODIFY `id` bigint(20) UNSIGNED NOT NULL AUTO_INCREMENT, AUTO_INCREMENT=16459553004372;

--
-- AUTO_INCREMENT for table `roles`
--
ALTER TABLE `roles`
  MODIFY `id` bigint(20) UNSIGNED NOT NULL AUTO_INCREMENT, AUTO_INCREMENT=6;
COMMIT;

/*!40101 SET CHARACTER_SET_CLIENT=@OLD_CHARACTER_SET_CLIENT */;
/*!40101 SET CHARACTER_SET_RESULTS=@OLD_CHARACTER_SET_RESULTS */;
/*!40101 SET COLLATION_CONNECTION=@OLD_COLLATION_CONNECTION */;
